Code,Country,Year,Health_Spending,Life_Expectancy,GDP_per_Capita
SVN,Slovenia,2015,2579.937,80.9,31631.838376
AUS,Australia,2001,2288.632,79.6,29562.483258
ZAF,South Africa,2022,1345.252,65.5,16021.175261
ZAF,South Africa,2021,1235.726,62.0,14868.214621
AUS,Australia,1976,404.578,72.8,7396.803098
AUS,Australia,2016,5032.26,82.4,50152.476571
AUS,Australia,1997,1728.93,78.4,24478.244636
AUS,Australia,1996,1640.965,78.1,23290.949915
AUS,Australia,1995,1536.355,77.8,22444.056465
AUS,Australia,1994,1453.732,77.9,21434.245193
AUS,Australia,1993,1371.817,77.9,20184.513428
AUS,Australia,1992,1304.105,77.4,19157.087211
AUS,Australia,1991,1232.632,77.3,18176.790696
AUS,Australia,1990,1164.252,76.9,17837.282129
AUS,Australia,1989,1094.854,76.4,17834.550059
AUS,Australia,1988,1025.435,76.2,17129.426919
AUS,Australia,1987,950.267,76.2,16053.156429
AUS,Australia,2006,2996.468,81.0,37964.554442
AUS,Australia,1998,1838.212,78.6,25725.59883
AUS,Australia,1999,1956.897,78.9,27160.314973
AUS,Australia,2004,2819.899,80.5,34019.150424
AUS,Australia,2005,2872.44,80.8,35683.435996
AUS,Australia,1986,901.969,76.0,14983.633868
AUS,Australia,2000,2150.423,79.2,28333.133045
AUS,Australia,1982,702.934,74.6,11988.970545
AUS,Australia,1981,665.879,74.8,11956.559959
AUS,Australia,2011,3809.112,81.9,44460.605016
AUS,Australia,2010,3593.576,81.7,42823.927966
AUS,Australia,2009,3415.154,81.5,41684.56865
AUS,Australia,2007,3198.071,81.3,39703.469623
AUS,Australia,2003,2580.884,80.2,32409.0606
AUS,Australia,2002,2481.046,79.9,30823.40346
AUS,Australia,2023,7015.233,83.0,72952.496181
AUS,Australia,2021,6545.649,83.3,64120.473853
AUS,Australia,2022,6907.229,83.2,71753.645427
AUS,Australia,2020,5819.048,83.2,56905.500543
AUS,Australia,2014,4556.492,82.3,47648.633963
AUS,Australia,2015,4755.031,82.4,47266.591718
AUT,Austria,1971,189.25,70.3,4207.346427
AUT,Austria,1993,1849.697,76.3,21717.379256
AUT,Austria,1987,982.621,75.0,15782.307567
AUT,Austria,1989,1162.634,75.6,18113.387231
AUT,Austria,1988,1051.024,75.5,16853.653696
AUT,Austria,2004,3422.272,79.3,33785.215142
AUT,Austria,2003,3229.812,78.8,32158.613927
AUT,Austria,2002,3142.925,78.9,31178.051444
AUT,Austria,2001,2901.122,78.8,29711.568764
AUT,Austria,2000,2845.036,78.3,29379.736664
AUT,Austria,1999,2614.372,78.1,27606.484243
AUT,Austria,1998,2471.999,77.9,26674.843435
AUT,Austria,1997,2303.783,77.5,25422.022771
AUT,Austria,1996,2222.195,77.1,24552.025251
AUT,Austria,1994,2017.061,76.7,22626.701006
AUT,Austria,1970,173.371,70.1,3826.916789
AUT,Austria,1992,1706.666,76.1,21278.089842
AUT,Austria,1991,1585.598,75.9,20602.882245
AUT,Austria,2023,7697.206,81.9,73743.971309
AUT,Austria,2022,7700.251,81.4,70889.43168
AUT,Austria,2021,7464.846,81.3,63451.49024
AUT,Austria,2020,6295.183,81.3,58610.931828
AUT,Austria,2019,6016.146,82.0,60590.199652
AUT,Austria,2018,5577.829,81.8,56956.110562
AUT,Austria,2017,5380.95,81.7,54188.360666
AUT,Austria,2016,5249.61,81.8,52665.087457
AUS,Australia,2018,5208.627,82.8,53125.903609
AUS,Australia,2019,5257.676,82.9,53681.424509
AUT,Austria,1995,2138.862,76.9,23681.210282
AUT,Austria,1990,1482.114,75.8,19459.191075
AUT,Austria,1986,889.249,74.5,15204.853076
AUT,Austria,1985,828.855,74.1,14578.652066
AUT,Austria,1984,770.215,73.9,13793.717328
AUT,Austria,1983,736.29,73.3,13305.748228
AUT,Austria,1982,704.002,73.2,12414.465755
AUT,Austria,1981,659.644,73.0,11469.798114
AUT,Austria,1980,710.794,72.7,10520.259801
AUT,Austria,1979,624.559,72.6,9484.474525
AUT,Austria,1978,545.859,72.3,8298.43408
AUT,Austria,1977,486.116,72.2,7763.17368
AUT,Austria,1976,439.44,71.8,6958.359417
AUT,Austria,1975,387.022,71.4,6295.912644
AUT,Austria,1974,283.138,71.2,5767.915763
AUT,Austria,1973,237.819,71.2,5099.678891
BEL,Belgium,2011,4103.395,80.7,40943.343479
BEL,Belgium,2008,3547.018,79.8,37883.233422
BEL,Belgium,2007,3308.808,79.9,36798.512351
BEL,Belgium,1982,741.664,74.0,11989.621963
BEL,Belgium,1981,668.788,73.7,11234.298485
BEL,Belgium,2009,3805.414,80.2,37750.13747
BEL,Belgium,1980,592.369,73.3,10299.241331
BEL,Belgium,1997,1814.658,77.5,23728.459771
BEL,Belgium,1996,1767.904,77.3,22735.940043
BEL,Belgium,2023,7177.753,82.5,70830.907125
BEL,Belgium,2022,6906.171,81.8,68308.209362
BEL,Belgium,1994,1621.558,76.8,21503.16504
BEL,Belgium,1993,1583.529,76.5,20456.091665
BEL,Belgium,1995,1670.56,77.0,22431.050901
BEL,Belgium,2010,3990.773,80.3,39831.679233
BEL,Belgium,2003,2910.334,78.3,30934.971821
BEL,Belgium,2021,6553.985,81.9,62124.24456
BEL,Belgium,2020,6096.546,80.8,55729.027691
BEL,Belgium,1992,1525.544,76.5,20254.832844
BEL,Belgium,1991,1420.849,76.3,19584.89658
BEL,Belgium,1990,1301.762,76.2,18674.155474
BEL,Belgium,1989,1203.574,75.7,17501.942198
BEL,Belgium,1988,1111.659,75.7,16336.177808
BEL,Belgium,1987,1009.579,75.4,15119.784127
BEL,Belgium,1986,944.718,74.8,14438.342287
BEL,Belgium,1985,865.768,74.6,13902.765972
BEL,Belgium,1984,813.447,74.5,13260.278927
BEL,Belgium,1983,786.065,73.9,12491.749681
BEL,Belgium,2006,3194.966,79.5,35258.835071
BEL,Belgium,2005,3113.07,79.1,33176.680884
BEL,Belgium,2004,3094.907,79.0,32064.416426
BEL,Belgium,2002,2644.145,78.2,30281.667989
BEL,Belgium,2001,2404.901,78.1,28795.385684
BEL,Belgium,2000,2298.706,77.9,27788.774998
BEL,Belgium,1999,2011.684,77.7,25441.891387
BEL,Belgium,1998,1881.891,77.6,24368.764691
BEL,Belgium,1979,562.877,73.3,9050.178544
BEL,Belgium,1978,502.652,72.8,8171.498998
BEL,Belgium,1977,446.098,72.8,7429.577546
BEL,Belgium,1976,384.644,72.2,6959.223613
BEL,Belgium,1975,335.303,72.0,6253.48946
BEL,Belgium,1974,257.363,72.0,5816.360403
BEL,Belgium,1973,224.413,71.7,5136.883354
BEL,Belgium,1972,186.282,71.4,4602.762457
BEL,Belgium,1971,164.881,71.1,4207.338489
BEL,Belgium,1970,149.556,71.0,3873.518737
BEL,Belgium,2019,5812.387,82.1,56621.428343
BEL,Belgium,2018,5409.578,81.7,52530.84151
BEL,Belgium,2017,5191.864,81.6,50442.947518
BEL,Belgium,2016,5042.98,81.5,48599.202676
BEL,Belgium,2015,4844.148,81.1,46201.685891
BEL,Belgium,2014,4621.893,81.4,44929.933328
BEL,Belgium,2013,4487.825,80.7,43672.712292
CAN,Canada,1989,1579.543,77.2,19763.483902
CAN,Canada,2021,6905.645,81.6,55781.70262
CAN,Canada,2022,6875.476,81.3,62041.556862
CAN,Canada,2020,6208.613,81.6,48590.716417
CAN,Canada,2006,3482.877,80.7,38120.154555
CAN,Canada,2012,4347.058,81.8,42291.886605
CAN,Canada,2014,4547.456,81.9,45758.133114
CAN,Canada,2015,4644.781,81.9,44668.065118
AUS,Australia,1985,852.842,75.5,14514.385569
AUS,Australia,1984,801.641,75.7,13609.213388
AUS,Australia,1983,754.884,75.4,12781.245289
AUS,Australia,2008,3350.144,81.4,40136.06886
AUS,Australia,2013,4087.849,82.1,47796.022174
AUS,Australia,2012,3854.19,82.0,43911.683304
CAN,Canada,2016,5054.65,82.0,46470.675161
CAN,Canada,2017,5180.064,81.9,48317.404026
CAN,Canada,2018,5344.737,81.9,49982.649045
CAN,Canada,2019,5407.465,82.2,50498.963113
CAN,Canada,2007,3705.429,80.7,39575.492232
CAN,Canada,2003,2914.35,79.8,32351.672925
CAN,Canada,2008,3844.209,80.8,40376.111571
CAN,Canada,2002,2758.142,79.6,30964.090895
CAN,Canada,2001,2624.297,79.5,30231.050835
CAN,Canada,2000,2450.593,79.3,29362.289573
CAN,Canada,1999,2278.254,78.9,27841.629576
CAN,Canada,1998,2200.468,78.7,26319.930258
CAN,Canada,1997,2091.997,78.5,25259.725362
CAN,Canada,1996,1999.778,78.3,24050.176142
CAN,Canada,1995,1984.944,78.1,23485.643444
CAN,Canada,1994,1962.196,78.0,22632.831273
CAN,Canada,1993,1930.889,77.8,21440.052546
CAN,Canada,2005,3292.016,80.2,36328.812413
CAN,Canada,2004,3122.576,80.1,33927.855534
CAN,Canada,1992,1897.456,77.9,20626.208981
CAN,Canada,1991,1805.209,77.7,20224.680598
CHL,Chile,2008,1129.411,78.3,16449.614266
CHL,Chile,2013,1658.112,79.4,22295.740021
CHL,Chile,2012,1485.284,79.2,21458.812331
CHL,Chile,2011,1355.452,79.0,20235.570348
CHL,Chile,2023,3395.597,81.4,32730.236722
CHL,Chile,2022,3113.133,81.2,31227.991341
CHL,Chile,2021,2848.285,81.0,28776.711223
CHL,Chile,2020,2488.957,80.8,25236.623574
CHL,Chile,2019,2382.947,80.6,25733.103669
CHL,Chile,2018,2262.518,80.4,25496.431051
CHL,Chile,2017,2119.552,80.2,24479.458726
CHL,Chile,2016,1941.256,80.0,23384.612377
CHL,Chile,2015,1841.263,79.8,22563.582179
CHL,Chile,2014,1754.988,79.6,22650.712398
CHL,Chile,2007,1060.721,78.1,16771.182748
CHL,Chile,2006,959.483,77.8,15589.157511
CHL,Chile,2005,810.691,77.6,12600.905817
CHL,Chile,2004,764.641,77.4,11682.598926
CHL,Chile,2003,700.679,77.1,10779.639424
CHL,Chile,2002,650.247,76.9,10205.704206
CHL,Chile,2001,615.679,76.6,9845.971079
CHL,Chile,2000,585.452,76.4,9440.041922
CHL,Chile,2010,1254.254,78.7,18041.314313
COL,Colombia,2018,1245.711,76.5,15814.696386
COL,Colombia,2013,959.772,75.0,13266.002148
COL,Colombia,2012,867.719,74.7,12530.807654
COL,Colombia,2011,818.188,74.5,12108.234854
COL,Colombia,2014,1025.999,75.2,13777.241959
COL,Colombia,2015,1077.247,75.4,13762.750912
COL,Colombia,2016,1146.737,75.7,14514.224389
COL,Colombia,2017,1184.434,75.9,14930.865719
COL,Colombia,2019,1315.321,76.6,16712.410595
COL,Colombia,2020,1379.007,76.7,15950.508981
COL,Colombia,2021,1378.988,76.8,18141.946227
COL,Colombia,2023,1583.882,77.2,21994.486636
CRI,Costa Rica,2015,1372.151,79.9,17649.314854
CRI,Costa Rica,2019,1603.628,80.5,23082.516179
CRI,Costa Rica,2017,1436.559,80.2,20368.230268
CRI,Costa Rica,2016,1403.238,80.0,19119.336147
CRI,Costa Rica,2018,1522.274,80.3,21312.71338
CRI,Costa Rica,2021,1646.9,80.8,23667.724024
CRI,Costa Rica,2020,1581.441,80.6,21778.791619
CRI,Costa Rica,2011,1167.55,79.1,14068.154868
CRI,Costa Rica,2023,1752.091,81.0,27697.905652
CRI,Costa Rica,2022,1661.269,80.9,26027.853424
CRI,Costa Rica,2013,1228.638,79.6,15542.368395
CRI,Costa Rica,2012,1208.967,79.4,14852.929898
CZE,Czechia,2023,4594.589,79.9,55803.217025
CZE,Czechia,2019,3490.876,79.3,46139.564802
CZE,Czechia,2018,3124.264,79.1,42016.459957
CZE,Czechia,2022,4394.127,79.0,53270.198419
CZE,Czechia,2005,1523.395,76.1,22065.403862
AUT,Austria,2015,4984.141,81.3,49942.056293
AUT,Austria,2014,4880.737,81.6,48813.534409
AUT,Austria,2013,4782.223,81.3,47936.677963
AUT,Austria,2012,4604.588,81.1,46477.655075
AUT,Austria,2011,4365.426,81.1,44469.209642
AUT,Austria,2010,4272.215,80.7,42013.885754
AUT,Austria,2009,4099.389,80.5,40925.933876
AUT,Austria,2008,4027.601,80.6,41316.022642
AUT,Austria,2007,3800.936,80.3,39441.005483
AUT,Austria,2006,3649.17,80.1,37665.087646
AUT,Austria,2005,3484.886,79.5,35024.557484
CZE,Czechia,2002,1267.68,75.4,18337.094589
CZE,Czechia,2000,1026.255,75.1,16301.075671
CZE,Czechia,1995,808.182,73.3,13943.328152
CZE,Czechia,2010,2199.615,77.7,28042.302009
CZE,Czechia,2008,1822.937,77.3,27817.062758
CZE,Czechia,2009,2048.898,77.4,27573.257049
CZE,Czechia,2013,2376.531,78.3,31048.122456
CZE,Czechia,2012,2274.866,78.1,29476.5875
CZE,Czechia,2014,2564.045,78.9,32810.686828
DNK,Denmark,1982,956.0,74.7,11772.820024
DNK,Denmark,1995,1714.836,75.3,22674.677433
DNK,Denmark,1994,1708.32,75.5,21657.261216
DNK,Denmark,1993,1646.709,75.2,20200.958027
DNK,Denmark,1992,1554.196,75.3,19819.109825
DNK,Denmark,1998,1914.421,76.5,25801.940831
DNK,Denmark,1999,2181.669,76.6,26648.647254
DNK,Denmark,1997,1891.466,76.1,24881.61165
DNK,Denmark,1991,1483.86,75.3,19055.711324
DNK,Denmark,1990,1441.354,74.9,18229.717794
DNK,Denmark,1989,1359.103,74.9,17333.589965
DNK,Denmark,1988,1313.207,74.9,16592.071316
DNK,Denmark,1987,1250.99,74.8,16004.020444
DNK,Denmark,1996,1813.807,75.7,23716.731327
DNK,Denmark,1981,871.494,74.3,10672.703074
DNK,Denmark,1980,796.996,74.2,9833.155505
DNK,Denmark,1979,739.012,74.3,9118.062381
DNK,Denmark,1978,659.769,74.5,8117.418902
DNK,Denmark,1977,591.301,74.7,7436.192188
DNK,Denmark,1976,559.624,73.8,6893.93941
DNK,Denmark,1975,508.757,74.2,6185.93526
DNK,Denmark,1974,458.729,73.9,5763.839261
DNK,Denmark,1973,397.021,73.6,5376.26345
DNK,Denmark,1972,369.352,73.4,4927.864628
DNK,Denmark,2021,6912.955,81.5,70370.110899
DNK,Denmark,2018,5306.704,81.0,57231.330513
DNK,Denmark,2017,5112.959,81.1,55270.419717
DNK,Denmark,2019,5656.597,81.5,60568.735529
DNK,Denmark,2016,4894.079,80.9,51814.23663
DNK,Denmark,2020,6146.851,81.6,62700.581101
DNK,Denmark,2023,6555.001,81.8,77223.376298
DNK,Denmark,2022,6660.477,81.3,78255.728928
DNK,Denmark,1986,1167.465,74.7,15576.6379
DNK,Denmark,1985,1106.525,74.5,14580.653635
DNK,Denmark,1984,1025.193,74.7,13584.403637
DNK,Denmark,1971,337.975,73.3,4571.598021
DNK,Denmark,2000,2346.244,76.9,28647.73461
DNK,Denmark,2007,3563.241,78.4,39118.963207
DNK,Denmark,2006,3287.759,78.4,37403.855682
DNK,Denmark,2005,3014.982,78.3,34243.837824
DNK,Denmark,2004,2920.465,77.8,33029.040843
DNK,Denmark,2002,2711.668,77.1,30668.62901
DNK,Denmark,2001,2473.023,77.0,29470.359911
DNK,Denmark,2009,4016.392,79.0,40506.924302
DNK,Denmark,2015,4720.578,80.8,48906.109829
DNK,Denmark,2008,3777.707,78.8,41474.145014
DNK,Denmark,2013,4517.248,80.4,46883.131074
DNK,Denmark,2003,2722.828,77.4,30874.074925
DNK,Denmark,2012,4426.627,80.2,44761.579789
DNK,Denmark,2014,4589.765,80.7,47880.687634
DNK,Denmark,2011,4266.254,79.9,44446.57809
DNK,Denmark,2010,4265.983,79.3,43044.876027
EST,Estonia,2018,2364.073,78.5,37201.036993
EST,Estonia,2000,543.145,71.1,9393.477099
EST,Estonia,1999,510.2,70.6,8479.421227
EST,Estonia,2022,3168.564,78.1,49130.003025
EST,Estonia,2017,2201.474,78.4,34553.447713
EST,Estonia,2019,2613.685,79.0,40650.011527
EST,Estonia,2023,3368.949,79.1,49652.989298
EST,Estonia,2015,1940.903,78.0,29760.31351
EST,Estonia,2013,1707.913,77.5,27784.711585
EST,Estonia,2014,1821.237,77.4,29375.58987
EST,Estonia,2004,848.812,72.4,14499.938143
EST,Estonia,2003,740.27,71.9,13093.800431
EST,Estonia,2002,624.72,71.4,11631.625306
EST,Estonia,2001,545.372,70.9,10292.297685
EST,Estonia,2008,1345.946,74.4,22781.183415
EST,Estonia,2005,931.229,73.0,16587.586213
EST,Estonia,2007,1184.014,73.2,22164.669641
EST,Estonia,2006,987.807,73.2,19292.65333
CAN,Canada,2013,4437.882,81.8,44300.991977
CAN,Canada,2023,7045.543,81.7,61650.981488
CAN,Canada,2011,4227.904,81.6,41666.848683
CAN,Canada,2010,4155.043,81.4,40098.303365
CAN,Canada,2009,3940.189,81.2,38864.049261
CAN,Canada,1988,1461.3,76.9,18923.753758
CAN,Canada,1987,1357.453,76.8,17735.380147
CAN,Canada,1986,1278.816,76.5,16850.728641
CAN,Canada,1985,1212.85,76.4,16332.753021
CAN,Canada,1984,1135.02,76.4,15254.727065
CAN,Canada,1983,1066.746,76.1,14034.005498
CAN,Canada,1982,996.086,75.7,13293.393286
CAN,Canada,1981,898.807,75.5,13086.821695
CAN,Canada,1980,791.812,75.1,11701.442943
FIN,Finland,1990,1261.461,75.1,18133.890516
FIN,Finland,1989,1134.131,75.0,17440.136999
FIN,Finland,1988,1028.4,74.8,16027.598974
FIN,Finland,2015,3993.509,81.6,42490.211049
FIN,Finland,1986,863.522,74.9,13942.976701
FIN,Finland,1987,946.543,74.9,14756.816306
FIN,Finland,2003,2276.855,78.6,29053.181541
FIN,Finland,2006,2751.45,79.5,34454.688309
FIN,Finland,2001,1982.835,78.2,27803.946985
FIN,Finland,2002,2201.215,78.3,28605.122922
FIN,Finland,2005,2573.5,79.1,32051.762889
FIN,Finland,2004,2478.561,79.0,31202.469887
FIN,Finland,1985,805.459,74.5,13344.603253
FIN,Finland,1984,715.208,74.9,12544.391482
FIN,Finland,1983,658.981,74.5,11790.669135
FIN,Finland,1982,608.621,74.6,11069.212641
FIN,Finland,1981,554.366,74.0,10167.529123
FIN,Finland,1980,492.707,73.7,9207.30914
FIN,Finland,1979,434.061,73.2,8037.590742
FIN,Finland,1978,380.367,73.0,6946.183932
FIN,Finland,2016,4103.554,81.5,44934.488245
FIN,Finland,2018,4330.443,81.8,49573.255773
FIN,Finland,2017,4215.309,81.7,47570.270354
FIN,Finland,2000,1877.273,77.8,26788.160267
FIN,Finland,1999,1609.61,77.6,24767.163974
FIN,Finland,1998,1524.147,77.4,23576.774264
FIN,Finland,1997,1475.114,77.2,21790.616742
FIN,Finland,2020,4966.75,82.0,53657.584166
FIN,Finland,2019,4659.76,82.1,52569.862969
FIN,Finland,2021,5394.731,81.9,57783.834512
FIN,Finland,2022,5764.968,81.2,62590.082218
FIN,Finland,2010,3427.637,80.2,38949.385086
FIN,Finland,2009,3281.65,80.1,37970.952319
FIN,Finland,2008,3243.775,79.9,40083.701943
FIN,Finland,2007,3005.062,79.6,37847.076463
FIN,Finland,2023,6275.622,81.6,64496.64043
FIN,Finland,1996,1418.009,77.0,20080.735639
FRA,France,2023,6847.931,83.0,61472.867268
FRA,France,2018,5125.643,82.8,46397.193017
FRA,France,2003,3055.948,79.3,28116.592231
FRA,France,2006,3443.326,80.9,32547.253686
FRA,France,1995,2100.682,78.1,20734.475592
FRA,France,1990,1458.945,77.0,17497.222429
FRA,France,1985,1001.031,75.4,13030.026349
FRA,France,1980,659.749,74.3,9589.472321
FRA,France,1975,363.569,73.0,5863.006924
FRA,France,1970,192.121,72.2,3663.426019
FRA,France,2016,4959.49,82.7,42984.004032
FRA,France,2015,4698.983,82.4,41049.668433
FRA,France,2017,5034.039,82.7,44527.751201
FRA,France,2020,5873.888,82.3,49462.881264
FRA,France,2019,5526.099,83.0,51119.87871
FRA,France,2013,4581.195,82.4,39772.555559
FRA,France,2009,3881.073,81.5,34809.73893
FRA,France,2007,3588.383,81.3,34196.689528
FRA,France,2008,3729.353,81.4,35192.168662
FRA,France,2010,4046.557,81.8,36065.867725
FRA,France,2012,4313.624,82.1,37841.451395
FRA,France,2014,4653.386,82.9,40395.425819
FRA,France,2011,4165.983,82.3,37675.16339
FRA,France,2005,3264.574,80.3,30536.049028
FRA,France,2004,3170.751,80.3,29020.73659
FRA,France,2002,3152.016,79.4,28436.63894
FRA,France,2001,2876.114,79.3,27430.377595
FRA,France,2000,2688.137,79.2,26075.781673
FRA,France,1999,2431.303,78.9,24270.460892
FRA,France,1998,2322.219,78.7,23322.682342
FRA,France,1997,2236.339,78.6,22240.997205
FRA,France,1996,2169.22,78.2,21311.38909
FRA,France,1994,1816.837,78.0,19915.752912
FRA,France,1993,1753.288,77.5,19108.868724
FRA,France,1992,1650.953,77.5,18824.297063
FRA,France,1991,1557.859,77.2,18207.63665
FRA,France,2022,6700.691,82.3,57859.917245
DEU,Germany,1994,2096.771,76.6,22863.094658
DEU,Germany,2017,5940.117,81.1,53071.478374
CZE,Czechia,2006,1559.491,76.7,23854.661331
CZE,Czechia,2007,1660.562,77.0,26207.845723
CZE,Czechia,2004,1463.969,75.9,20970.733688
CZE,Czechia,2003,1393.68,75.3,19591.881142
CZE,Czechia,2015,2594.585,78.7,34217.975632
CZE,Czechia,2016,2778.648,79.1,36627.605125
CZE,Czechia,2017,2952.804,79.1,39620.866229
CZE,Czechia,2021,4462.251,77.2,50019.137336
CZE,Czechia,2020,4098.209,78.3,45675.064521
CZE,Czechia,2001,1160.579,75.3,17698.19292
CZE,Czechia,1998,888.949,74.7,15061.928388
CZE,Czechia,1997,869.442,74.1,14908.347548
CZE,Czechia,1994,725.056,73.2,12816.631189
CZE,Czechia,1993,658.263,72.9,12200.4626
CZE,Czechia,1992,462.649,72.4,11925.369155
CZE,Czechia,1991,438.433,72.0,11729.391125
CZE,Czechia,1990,490.947,71.5,12769.715657
CZE,Czechia,1996,858.847,74.0,14775.164211
CZE,Czechia,1999,951.854,74.9,15495.600929
DEU,Germany,1974,452.744,71.7,5699.6201
DEU,Germany,1973,384.541,71.4,5184.449863
DEU,Germany,2001,2999.264,78.6,28666.866375
DEU,Germany,2002,3227.193,78.6,29504.28924
DEU,Germany,2003,3314.847,78.6,30271.137577
DEU,Germany,2000,2886.311,78.3,27454.453483
DEU,Germany,1992,1931.47,76.2,21739.960851
DEU,Germany,1970,252.311,70.7,4042.42942
DEU,Germany,2019,6785.384,81.3,58251.739301
DEU,Germany,2020,7364.289,81.1,57905.087353
DEU,Germany,2005,3416.8,79.4,32236.740986
DEU,Germany,2007,3732.811,80.1,36866.821136
DEU,Germany,2004,3379.007,79.3,31742.597637
DEU,Germany,2006,3549.395,79.9,34666.566415
DEU,Germany,2021,8102.632,80.8,61939.721744
DEU,Germany,1990,1724.332,75.4,19466.670939
DEU,Germany,1989,1596.16,75.6,17983.097652
DEU,Germany,1988,1616.349,75.4,16775.525487
DEU,Germany,2013,4932.973,80.6,44993.667838
DEU,Germany,1972,337.364,71.2,4705.358331
DEU,Germany,1971,298.251,70.9,4344.843759
DEU,Germany,2023,8503.185,81.1,69329.869123
DEU,Germany,1995,2250.32,76.7,23656.018501
GRC,Greece,2007,2425.574,79.7,29326.858976
GRC,Greece,2019,2482.457,81.7,31611.259408
GRC,Greece,2018,2314.696,81.9,29617.518625
GRC,Greece,2017,2250.844,81.4,28604.829152
GRC,Greece,2016,2258.26,81.5,27511.803202
GRC,Greece,1989,736.141,77.0,12825.480116
GRC,Greece,1988,617.158,76.8,11952.597663
GRC,Greece,2004,2100.673,79.4,25461.140401
GRC,Greece,2003,2048.442,79.3,23897.870083
GRC,Greece,2012,2145.538,80.7,24911.130276
GRC,Greece,2011,2289.591,80.8,25671.409119
GRC,Greece,2021,2929.596,80.2,32797.27833
GRC,Greece,2022,3176.168,80.8,38364.487547
GRC,Greece,2020,2653.634,81.4,29088.257852
GRC,Greece,2008,2665.467,80.2,30855.935774
GRC,Greece,2023,3441.935,81.8,40521.058448
GRC,Greece,2010,2606.844,80.6,27908.17339
GRC,Greece,2009,2735.742,80.4,30358.243038
GRC,Greece,2015,2123.473,81.1,26760.280798
GRC,Greece,2013,2087.856,81.4,25986.640698
GRC,Greece,2014,2011.097,81.5,26625.159298
GRC,Greece,2005,2193.594,79.6,25577.445437
GRC,Greece,2006,2302.049,79.9,28548.886137
GRC,Greece,2002,1951.129,79.2,22615.957435
GRC,Greece,2001,1701.415,79.1,20960.95269
GRC,Greece,2000,1418.737,78.6,19518.691699
GRC,Greece,1999,1390.316,78.5,18464.726453
GRC,Greece,1998,1328.716,78.3,18033.580689
GRC,Greece,1997,1288.949,78.4,17152.668709
GRC,Greece,1996,1233.909,77.9,16144.227287
GRC,Greece,1995,1191.293,77.8,15422.237233
GRC,Greece,1994,1140.474,77.8,14834.30416
GRC,Greece,1993,1001.369,77.6,14303.965216
GRC,Greece,1992,887.604,77.2,14278.26307
GRC,Greece,1991,796.005,77.3,13964.555675
HUN,Hungary,2000,907.094,71.9,11854.683438
HUN,Hungary,2008,1492.593,74.2,20721.502411
HUN,Hungary,2007,1430.108,73.6,19098.626278
HUN,Hungary,2005,1463.525,73.0,17108.340595
HUN,Hungary,2023,3023.098,76.7,45941.053393
HUN,Hungary,1998,768.839,71.0,10398.029241
HUN,Hungary,2003,1364.722,72.6,15479.101078
HUN,Hungary,2014,1870.091,76.0,25691.527335
HUN,Hungary,2016,2010.802,76.2,27941.926751
HUN,Hungary,2017,2011.198,76.0,29496.163748
HUN,Hungary,2015,1900.469,75.7,26798.854228
HUN,Hungary,2022,3013.04,76.0,43394.76419
EST,Estonia,2021,3175.924,77.2,45083.849125
EST,Estonia,2020,2921.827,78.9,40685.534903
EST,Estonia,2012,1583.049,76.7,26192.961132
EST,Estonia,2016,2096.544,78.0,31945.124614
EST,Estonia,2009,1366.624,75.3,20460.095802
EST,Estonia,2010,1422.113,76.0,21587.112349
FIN,Finland,1994,1218.035,76.7,18466.456556
FIN,Finland,2013,3933.236,81.1,41492.918416
FIN,Finland,2012,3786.188,80.7,40872.854802
FIN,Finland,1993,1226.2,75.9,17466.318988
FIN,Finland,1977,350.136,72.4,6323.70001
FIN,Finland,1976,321.431,72.0,5956.135029
FIN,Finland,1975,285.627,71.7,5643.145272
FIN,Finland,1974,244.682,71.2,5095.250607
FIN,Finland,1973,215.204,71.2,4552.306851
FIN,Finland,1972,194.881,70.7,4056.677839
FIN,Finland,1971,172.933,70.1,3631.293878
FIN,Finland,1970,151.8,70.8,3380.915068
FIN,Finland,2014,3955.755,81.3,41749.864733
FIN,Finland,2011,3598.302,80.6,40916.647325
FIN,Finland,1992,1334.171,75.7,17258.714875
FIN,Finland,1991,1350.154,75.5,17547.546555
ISL,Iceland,1975,359.065,75.5,6776.811386
ISL,Iceland,1974,338.278,74.4,6239.963206
ISL,Iceland,1973,257.874,74.4,5491.252467
ISL,Iceland,1972,243.361,74.4,4946.169744
ISL,Iceland,1994,1751.396,79.3,23548.762709
ISL,Iceland,1993,1697.63,79.0,22438.904187
ISL,Iceland,1992,1665.463,78.8,21858.901114
ISL,Iceland,1991,1662.395,78.0,22383.856777
ISL,Iceland,1990,1575.008,78.1,21973.718968
ISL,Iceland,1989,1557.153,78.2,21105.177822
ISL,Iceland,1988,1597.195,77.1,20488.567733
ISL,Iceland,1987,1471.87,77.3,20124.181158
ISL,Iceland,1986,1248.04,78.0,18297.188181
ISL,Iceland,1985,1046.139,77.6,17003.921329
ISL,Iceland,1984,962.815,77.6,16084.146804
ISL,Iceland,1983,984.157,76.7,15063.023405
ISL,Iceland,1982,925.169,77.0,15006.658242
ISL,Iceland,1981,822.436,76.4,14026.824263
ISL,Iceland,2003,3106.598,81.0,32703.421212
ISL,Iceland,2004,3262.287,81.1,35614.043332
ISL,Iceland,2009,3481.15,81.8,41862.828425
ISL,Iceland,2002,3057.131,80.6,32609.714587
ISL,Iceland,2008,3612.468,81.6,43730.042952
ISL,Iceland,2007,3559.929,81.5,41468.319699
ISL,Iceland,2006,3392.523,81.2,39697.729388
ISL,Iceland,2005,3280.772,81.5,37327.017041
ISL,Iceland,2021,5555.6,83.2,63837.747672
ISL,Iceland,2016,3960.525,82.2,54477.409445
ISL,Iceland,2022,5956.201,82.1,75834.45923
ISL,Iceland,2019,4634.168,83.2,62031.408105
ISL,Iceland,2018,4265.887,82.9,58342.550131
ISL,Iceland,2017,4142.601,82.6,56644.702476
ISL,Iceland,2020,5010.061,83.1,57404.387074
ISL,Iceland,2015,3762.726,82.5,50158.551566
ISL,Iceland,2010,3264.577,81.9,40190.616916
ISL,Iceland,2013,3519.875,82.1,45243.083978
ISL,Iceland,2012,3419.661,83.0,42834.653262
ISL,Iceland,2014,3626.542,82.9,46853.651381
ISL,Iceland,2011,3333.476,82.4,41790.188772
ISL,Iceland,2001,2751.853,80.7,31881.870958
ISL,Iceland,1999,2575.561,79.4,29555.517247
ISL,Iceland,1998,2334.693,79.7,28725.839519
ISL,Iceland,1997,2018.885,78.9,26890.724729
IRL,Ireland,2011,4182.243,80.9,45541.043393
IRL,Ireland,1970,115.82,71.2,2456.932734
IRL,Ireland,1982,516.589,72.9,7923.606048
IRL,Ireland,1981,491.57,72.9,7374.354655
IRL,Ireland,1980,475.434,72.9,6600.610844
IRL,Ireland,1979,394.969,72.3,5930.466084
IRL,Ireland,1978,342.604,71.5,5399.43955
IRL,Ireland,2005,3093.376,79.0,40465.316509
IRL,Ireland,2004,2804.658,78.6,38762.309284
IRL,Ireland,2003,2578.537,78.2,36280.710137
IRL,Ireland,2002,2418.861,77.7,35222.81925
IRL,Ireland,2001,2134.97,77.2,32597.558232
IRL,Ireland,2000,1830.204,76.6,30216.784756
IRL,Ireland,1999,1498.298,76.1,27041.428204
IRL,Ireland,1998,1395.776,76.2,25082.321119
IRL,Ireland,1997,1288.342,76.0,22693.047545
IRL,Ireland,1996,1185.596,75.8,20538.369433
IRL,Ireland,1995,1130.376,75.5,18971.190467
DEU,Germany,2016,5645.59,81.0,50579.483717
DEU,Germany,1987,1480.096,75.2,15704.513931
DEU,Germany,1986,1386.51,74.8,15119.073364
DEU,Germany,1998,2558.661,77.8,25531.976867
DEU,Germany,1996,2475.001,77.0,24202.732526
DEU,Germany,1997,2489.708,77.4,24726.314885
DEU,Germany,1999,2689.049,78.0,26510.228697
DEU,Germany,2009,4140.948,80.3,37463.971063
DEU,Germany,2011,4547.394,80.6,42541.513126
DEU,Germany,2010,4404.906,80.5,39670.167839
DEU,Germany,2008,3936.122,80.2,38432.448211
DEU,Germany,2015,5275.52,80.7,47609.557159
DEU,Germany,2018,6247.099,81.0,55195.722049
DEU,Germany,1993,1960.477,76.2,21916.445785
DEU,Germany,2012,4724.81,80.7,43359.541048
DEU,Germany,2014,5132.263,81.2,47011.280402
DEU,Germany,1985,1298.555,74.6,14493.288589
DEU,Germany,1984,1196.561,74.5,13697.992055
DEU,Germany,1983,1104.594,74.0,12812.614341
DEU,Germany,1982,1044.528,73.7,12105.808366
DEU,Germany,1981,1014.713,73.4,11434.479952
DEU,Germany,1980,908.166,73.1,10406.325838
DEU,Germany,1979,800.703,73.0,9435.578106
DEU,Germany,1978,729.457,72.6,8367.879364
DEU,Germany,1977,647.352,72.6,7581.583454
DEU,Germany,1976,591.098,72.0,6893.475458
DEU,Germany,1975,532.481,71.5,6197.116581
ISR,Israel,1996,1255.335,78.1,21678.451927
ISR,Israel,1995,1163.547,77.4,20617.693952
ISR,Israel,2007,1847.801,80.7,28119.077671
ISR,Israel,2006,1738.392,80.7,26265.533373
ISR,Israel,2023,3839.515,83.8,53823.846827
ISR,Israel,2021,3476.472,82.6,46530.982256
ISR,Israel,2022,3702.739,82.8,52436.834868
ISR,Israel,2009,1904.056,81.5,28110.543406
ISR,Israel,2010,1972.052,81.7,29466.538564
ISR,Israel,2011,2081.778,81.8,31324.88834
ISR,Israel,2012,2223.345,81.8,32497.34519
ISR,Israel,2014,2237.584,82.2,34831.920489
ISR,Israel,2015,2310.568,82.2,35883.702107
ISR,Israel,2016,2524.083,82.5,38201.031108
ISR,Israel,2008,1839.047,81.1,27922.361903
ISR,Israel,2013,2238.455,82.1,34841.272107
ISR,Israel,2005,1756.34,80.3,25572.710932
ISR,Israel,2004,1708.267,80.3,25986.946571
ISR,Israel,2003,1635.888,79.8,24614.91564
ISR,Israel,2002,1691.502,79.6,26020.08828
ISR,Israel,2001,1653.134,79.3,25739.759935
ITA,Italy,2005,2495.609,80.9,30028.488979
ITA,Italy,2014,3073.315,83.2,36475.976061
ITA,Italy,2013,3060.035,82.9,36267.925352
ITA,Italy,2011,3064.841,82.4,36203.328522
ITA,Italy,2010,3076.613,82.2,34833.890613
ITA,Italy,2020,4027.251,82.3,44202.198439
ITA,Italy,2018,3513.294,83.4,43427.663143
ITA,Italy,2017,3426.725,83.1,41951.466331
ITA,Italy,2016,3317.723,83.4,40267.222623
ITA,Italy,2015,3126.463,82.7,37206.331822
ITA,Italy,2009,2914.971,81.8,34334.56418
ITA,Italy,2008,2913.415,81.7,35292.601856
ITA,Italy,1995,1464.656,78.3,22379.655603
ITA,Italy,2012,3059.487,82.4,36091.373957
ITA,Italy,2004,2444.841,80.9,29482.524184
ITA,Italy,2003,2285.683,80.1,29154.803806
ITA,Italy,2002,2291.476,80.4,28721.076279
ITA,Italy,2001,2152.233,80.3,28039.208724
ITA,Italy,2000,2030.993,79.9,27075.863336
ITA,Italy,1999,1802.03,79.6,25602.386484
ITA,Italy,1998,1736.847,79.1,25020.924661
ITA,Italy,1997,1651.604,79.0,23871.414648
ITA,Italy,1996,1528.743,78.7,23050.902758
ITA,Italy,1994,1412.853,78.0,21305.312121
ITA,Italy,1993,1398.104,77.8,20424.78142
ITA,Italy,1992,1403.469,77.5,20135.763367
ITA,Italy,1991,1387.316,77.1,19531.65369
ITA,Italy,1990,1273.88,77.1,18624.963931
ITA,Italy,1989,1122.421,77.0,17618.086665
ITA,Italy,1988,1052.666,76.5,16410.137442
ITA,Italy,2007,2681.162,81.6,33964.204569
ITA,Italy,2006,2649.653,81.4,32311.18119
ITA,Italy,2019,3798.028,83.6,46470.021898
ITA,Italy,2023,4847.444,83.5,58523.499128
ITA,Italy,2022,4744.19,82.8,55838.853439
JPN,Japan,1972,185.39,73.2,4069.992935
JPN,Japan,1999,1667.922,80.5,25744.916581
JPN,Japan,2002,2065.133,81.8,28633.69892
JPN,Japan,1996,1436.372,80.3,25009.682085
JPN,Japan,2011,3740.756,82.7,36215.006272
JPN,Japan,1992,1253.415,79.2,21800.918468
JPN,Japan,1991,1166.43,79.1,21204.240996
HUN,Hungary,2009,1492.68,74.4,20722.065418
HUN,Hungary,2006,1510.771,73.5,18383.632192
HUN,Hungary,2020,2615.41,75.5,35029.913273
HUN,Hungary,2021,2949.774,74.1,38647.99798
HUN,Hungary,2018,2121.786,76.2,31908.863431
HUN,Hungary,2019,2245.498,76.5,35152.603797
HUN,Hungary,2011,1755.527,75.1,23029.447178
HUN,Hungary,2010,1666.36,74.7,21738.896646
HUN,Hungary,2013,1825.334,75.8,24547.980456
HUN,Hungary,2012,1766.535,75.3,23267.448393
HUN,Hungary,1999,823.236,71.1,10873.247873
HUN,Hungary,2002,1167.234,72.6,14526.388251
HUN,Hungary,2004,1381.396,73.0,16269.308789
HUN,Hungary,2001,996.316,72.5,13211.827015
HUN,Hungary,1997,698.271,71.1,9823.025803
HUN,Hungary,1996,692.801,70.6,9349.01371
HUN,Hungary,1995,685.441,70.0,9186.03762
HUN,Hungary,1994,727.653,69.6,8924.041165
HUN,Hungary,1993,647.757,69.2,8460.116362
HUN,Hungary,1992,627.197,69.2,8287.959473
ISL,Iceland,1995,1810.482,78.0,23944.561768
ISL,Iceland,1971,221.822,73.5,4534.360017
ISL,Iceland,1970,165.994,73.8,3854.206737
ISL,Iceland,2000,2659.536,79.7,29783.403528
ISL,Iceland,1980,721.729,76.8,12432.45667
ISL,Iceland,2023,6134.183,82.4,80449.134957
ISL,Iceland,1978,557.833,76.6,9689.355322
ISL,Iceland,1977,451.831,76.3,8606.745214
ISL,Iceland,1976,381.247,76.9,7503.494293
JPN,Japan,1980,535.016,76.1,8973.783444
JPN,Japan,1979,452.931,76.2,8068.34118
JPN,Japan,1978,392.577,75.7,7121.897178
JPN,Japan,1977,340.628,75.3,6378.376732
JPN,Japan,1976,303.725,74.8,5809.31007
JPN,Japan,1975,284.269,74.3,5355.131154
JPN,Japan,1974,242.018,73.7,4812.870739
KOR,Korea,2018,3090.994,82.7,43044.340145
KOR,Korea,2003,1016.867,77.3,22096.023078
KOR,Korea,2001,839.324,76.5,19724.494236
KOR,Korea,1983,136.872,67.7,3651.020351
KOR,Korea,1982,120.411,67.2,3144.913567
KOR,Korea,2005,1186.364,78.2,25186.638103
KOR,Korea,2006,1330.036,78.8,26884.429402
KOR,Korea,2002,860.521,76.8,21396.719189
KOR,Korea,2007,1449.15,79.2,29064.701966
KOR,Korea,1997,588.221,74.7,15721.561966
KOR,Korea,1998,577.159,75.1,14974.498788
KOR,Korea,2000,717.245,76.0,18538.879306
KOR,Korea,1999,658.124,75.5,16807.013023
KOR,Korea,2004,1081.713,77.8,23773.590825
KOR,Korea,2017,2832.054,82.7,40957.347064
KOR,Korea,2016,2689.795,82.4,39575.302078
KOR,Korea,2015,2539.131,82.1,37902.361018
KOR,Korea,2014,2255.9,81.8,35324.260296
KOR,Korea,2013,2163.514,81.4,34244.239492
KOR,Korea,2012,2101.789,80.9,33557.030447
KOR,Korea,2011,2014.281,80.6,32546.517725
KOR,Korea,2010,1917.291,80.2,31736.700156
KOR,Korea,2009,1724.169,80.0,29508.282758
KOR,Korea,2008,1575.668,79.6,29945.899216
KOR,Korea,1981,107.646,66.7,2776.532293
KOR,Korea,1980,91.682,66.1,2402.301405
KOR,Korea,1979,80.181,65.6,2275.356423
KOR,Korea,1978,53.277,65.3,1962.941483
KOR,Korea,1977,41.939,65.0,1678.187382
KOR,Korea,1976,38.098,64.6,1428.597512
KOR,Korea,1975,31.791,64.2,1215.208903
KOR,Korea,1974,19.182,63.9,1048.844987
KOR,Korea,1973,19.189,63.5,893.852097
KOR,Korea,1972,18.674,63.1,750.698124
KOR,Korea,1971,18.491,62.7,683.866885
KOR,Korea,1970,19.399,62.3,600.506995
KOR,Korea,1984,148.402,68.3,4130.54515
KOR,Korea,1996,571.344,74.2,14693.993279
KOR,Korea,1995,503.865,73.8,13502.580041
KOR,Korea,1994,453.031,73.5,12187.129391
KOR,Korea,1993,439.214,73.1,11030.619105
KOR,Korea,1992,415.599,72.6,10184.846816
KOR,Korea,1991,375.715,72.2,9474.577826
KOR,Korea,1990,354.087,71.7,8355.387935
KOR,Korea,1989,314.949,71.2,7402.41363
KOR,Korea,1988,249.519,70.7,6718.788433
KOR,Korea,1987,206.317,70.1,5852.103004
KOR,Korea,1986,183.191,69.5,5116.42119
KOR,Korea,1985,165.381,68.9,4550.154481
KOR,Korea,2023,4586.306,83.5,54057.852572
KOR,Korea,2022,4634.324,82.7,51666.493048
KOR,Korea,2021,4106.425,83.6,48594.466222
KOR,Korea,2020,3618.078,83.5,45142.971574
IRL,Ireland,1994,1040.728,75.8,17020.962241
IRL,Ireland,1993,992.656,75.3,15810.992744
IRL,Ireland,1992,919.315,75.4,15120.312255
IRL,Ireland,1991,839.614,75.0,14422.805245
IRL,Ireland,1990,751.948,74.8,13764.984298
IRL,Ireland,1989,700.968,74.4,12218.688643
IRL,Ireland,1988,663.872,74.4,11045.632776
IRL,Ireland,1987,639.442,74.3,10105.880186
IRL,Ireland,1986,620.25,73.5,9425.285974
IRL,Ireland,1985,606.5,73.4,9281.582413
IRL,Ireland,2015,4310.178,81.5,71682.507493
IRL,Ireland,2016,4566.043,81.7,73170.443428
IRL,Ireland,2014,4180.858,81.4,52700.50438
IRL,Ireland,2019,5230.931,82.8,92189.16372
IRL,Ireland,2018,4875.098,82.2,86433.669121
IRL,Ireland,2017,4690.687,82.2,80556.528122
IRL,Ireland,2013,4273.223,81.0,48878.658632
IRL,Ireland,2012,4329.91,80.9,46747.472241
IRL,Ireland,2010,4051.348,80.8,43220.667555
IRL,Ireland,2009,3855.348,80.2,41435.299142
IRL,Ireland,2008,3643.273,80.2,44105.364476
IRL,Ireland,2022,6747.766,82.6,135774.001346
IRL,Ireland,2023,7026.914,82.9,128156.550235
IRL,Ireland,2020,5618.802,82.5,97903.15138
IRL,Ireland,2021,6220.762,82.3,116741.566812
IRL,Ireland,2007,3384.366,79.7,46770.887653
ISR,Israel,1999,1369.363,78.5,23371.650934
ISR,Israel,2019,2811.711,82.9,41369.124524
ISR,Israel,2018,2748.975,82.9,40206.230285
ISR,Israel,2020,3015.382,82.7,41200.818884
ISR,Israel,2017,2626.181,82.7,39487.866564
ISR,Israel,1998,1382.533,78.2,22887.578459
ISR,Israel,1997,1341.212,78.1,22295.52002
LTU,Lithuania,2015,1913.498,74.6,28834.530719
LTU,Lithuania,2014,1778.714,74.7,28184.257058
LTU,Lithuania,2013,1660.574,74.1,26721.689141
LTU,Lithuania,2012,1567.287,74.1,24703.736254
LUX,Luxembourg,2000,3412.123,78.0,55039.130566
LUX,Luxembourg,1998,2428.494,77.3,44215.62186
LUX,Luxembourg,1997,2270.068,77.1,42437.284334
LUX,Luxembourg,1996,2217.413,76.8,39684.746502
LUX,Luxembourg,1995,2097.431,76.8,38236.77958
LUX,Luxembourg,1977,384.368,72.1,9536.364839
LUX,Luxembourg,1976,341.852,70.7,8856.883993
LUX,Luxembourg,1992,1664.613,75.3,34065.281096
LUX,Luxembourg,1991,1549.787,75.7,33158.898449
LUX,Luxembourg,1990,1475.529,75.7,29924.242714
LUX,Luxembourg,1989,1321.681,74.9,27699.382449
LUX,Luxembourg,1988,1184.004,75.0,24516.098003
LUX,Luxembourg,1994,1857.406,76.7,37443.850032
LUX,Luxembourg,1999,2827.654,78.0,49744.96918
LUX,Luxembourg,1993,1812.452,76.0,35826.341367
LUX,Luxembourg,2023,7173.206,83.4,143526.891436
LUX,Luxembourg,2022,6853.95,83.0,145971.048143
LUX,Luxembourg,2021,6432.133,82.7,137716.445738
LUX,Luxembourg,2020,5858.675,82.2,121973.632744
LUX,Luxembourg,2019,5620.701,82.7,121105.786488
LUX,Luxembourg,2018,5292.055,82.3,116334.915826
LUX,Luxembourg,2017,4989.031,82.1,114862.528755
LUX,Luxembourg,2016,4876.34,82.7,112955.470175
LUX,Luxembourg,2015,4693.501,82.4,107898.304236
LUX,Luxembourg,2014,4707.036,82.3,104917.945675
LUX,Luxembourg,2013,4636.665,81.9,100561.366405
LUX,Luxembourg,2010,5625.6,80.8,90241.979678
LUX,Luxembourg,1987,1017.622,74.3,22021.458869
LUX,Luxembourg,1986,883.639,74.7,20807.970474
LUX,Luxembourg,1985,798.802,73.8,18631.609479
LUX,Luxembourg,1984,751.961,73.3,17598.75893
LUX,Luxembourg,1983,709.421,73.5,16009.39854
LUX,Luxembourg,1982,682.305,72.7,14962.9393
LUX,Luxembourg,1981,654.546,72.6,13942.265536
LUX,Luxembourg,1980,597.856,72.8,12842.776586
LUX,Luxembourg,1979,524.115,72.7,11725.618558
LUX,Luxembourg,1978,458.084,72.0,10605.471697
LUX,Luxembourg,2005,4881.401,79.6,68707.781706
LUX,Luxembourg,2004,4775.737,79.2,64635.568387
LUX,Luxembourg,2003,4411.099,77.9,60115.731925
LUX,Luxembourg,2002,4248.808,78.1,58513.393595
LUX,Luxembourg,2001,3715.496,78.0,56098.981677
LUX,Luxembourg,2006,5151.767,79.4,78829.9705
LUX,Luxembourg,2007,5086.769,79.5,85004.027776
LUX,Luxembourg,2008,5431.112,80.7,90863.784075
LUX,Luxembourg,2009,5710.49,80.8,86797.43242
LUX,Luxembourg,2012,4424.503,81.5,96535.745828
MEX,Mexico,2009,899.081,74.9,15078.259435
MEX,Mexico,2011,903.579,74.8,17200.937656
MEX,Mexico,2012,964.176,74.9,18287.362646
MEX,Mexico,2013,992.983,75.2,18481.030637
JPN,Japan,1990,1088.959,78.9,19891.091581
JPN,Japan,1989,1021.247,78.8,18348.322287
JPN,Japan,1988,969.251,78.4,16890.327305
JPN,Japan,1987,916.703,78.5,15359.194724
JPN,Japan,2000,1847.786,81.2,27289.851934
JPN,Japan,2001,1945.556,81.5,27946.083138
JPN,Japan,1997,1529.586,80.5,25629.420659
JPN,Japan,1998,1571.107,80.6,25520.196541
JPN,Japan,1971,163.854,72.9,3647.705468
JPN,Japan,1970,150.437,72.0,3348.832992
JPN,Japan,2020,4856.295,84.6,42625.001229
JPN,Japan,2014,4328.364,83.7,39559.763471
JPN,Japan,2018,4543.305,84.3,42264.585123
JPN,Japan,2016,4292.171,84.1,40642.704531
JPN,Japan,2019,4659.58,84.4,42835.817421
JPN,Japan,2017,4405.469,84.2,41531.221619
JPN,Japan,2015,4516.862,83.9,40908.781547
JPN,Japan,2022,5983.706,84.1,47185.509153
JPN,Japan,2021,5437.676,84.5,44613.088167
JPN,Japan,1984,745.981,77.4,12730.496373
JPN,Japan,1983,714.857,77.0,11843.838707
JPN,Japan,1995,1413.445,79.6,23865.913636
JPN,Japan,1986,859.855,78.1,14390.877358
JPN,Japan,1985,818.382,77.6,13725.849243
JPN,Japan,2012,3970.765,83.2,37628.675989
JPN,Japan,2010,3169.19,82.9,35342.824721
JPN,Japan,2009,2971.377,83.0,33550.689549
JPN,Japan,2013,4308.252,83.4,39436.682585
JPN,Japan,1994,1420.271,79.8,22834.751706
JPN,Japan,1993,1332.213,79.4,22149.219699
JPN,Japan,2023,5619.357,84.1,50273.086031
JPN,Japan,2005,2471.186,82.0,32174.400107
JPN,Japan,2008,2799.198,82.7,35278.749846
JPN,Japan,2004,2303.68,82.1,30837.175423
JPN,Japan,2003,2194.437,81.8,29411.592882
JPN,Japan,2007,2689.916,82.6,35021.732224
JPN,Japan,2006,2561.219,82.4,33638.841255
JPN,Japan,1982,664.777,76.9,11073.018179
JPN,Japan,1981,603.965,76.5,10168.273248
NLD,Netherlands,1986,1035.374,76.4,15014.332743
NLD,Netherlands,1985,977.333,76.5,14396.942623
NLD,Netherlands,1984,941.119,76.4,13665.892937
NLD,Netherlands,1983,906.872,76.3,12847.186533
NLD,Netherlands,1982,865.76,76.1,12159.630614
NLD,Netherlands,1981,808.131,76.0,11648.872527
NLD,Netherlands,1980,750.543,75.9,10801.023288
NLD,Netherlands,1979,674.232,75.7,9672.214831
NLD,Netherlands,1978,605.05,75.3,8813.890272
NLD,Netherlands,1977,541.403,75.3,8095.32286
NLD,Netherlands,2016,5095.836,81.7,53163.284899
NLD,Netherlands,2015,4928.351,81.6,50956.451344
NLD,Netherlands,2014,4934.568,81.8,49751.324397
NLD,Netherlands,2013,4923.912,81.4,49623.330638
NLD,Netherlands,2012,4782.333,81.2,47653.204285
NLD,Netherlands,2011,4567.378,81.3,47004.345499
NLD,Netherlands,2010,4474.935,81.0,45307.392096
NLD,Netherlands,2009,4433.866,80.9,44936.820525
NLD,Netherlands,2008,4378.362,80.5,46713.179
NLD,Netherlands,2007,4077.055,80.4,44204.210589
NLD,Netherlands,2006,3828.072,80.0,41217.122575
NLD,Netherlands,2005,3583.435,79.6,37778.175906
NLD,Netherlands,2004,3494.551,79.3,35965.047578
NLD,Netherlands,2003,3308.526,78.7,34291.404536
NLD,Netherlands,2002,3296.97,78.5,34568.306846
NZL,New Zealand,2004,2077.647,79.6,25012.074619
NZL,New Zealand,1971,226.429,71.6,4297.42717
NZL,New Zealand,1970,214.543,71.5,3917.078122
NZL,New Zealand,2008,2689.369,80.5,29748.931565
NZL,New Zealand,1981,561.338,73.4,9425.466004
NZL,New Zealand,1980,498.706,73.2,8431.853418
NZL,New Zealand,1979,506.463,72.9,7652.019286
NZL,New Zealand,1978,502.098,72.7,7233.591476
NZL,New Zealand,1977,435.0,72.5,6457.302545
NZL,New Zealand,1976,404.668,72.3,6530.980098
NZL,New Zealand,1975,403.328,72.1,6280.538487
NZL,New Zealand,1974,355.045,72.0,5668.475986
NZL,New Zealand,1973,295.905,71.8,5072.557358
NZL,New Zealand,1972,251.605,71.7,4708.029923
NZL,New Zealand,2003,1918.199,79.3,23882.068697
NZL,New Zealand,2002,1920.964,79.0,23180.407929
NZL,New Zealand,2001,1800.589,78.7,22411.304931
NZL,New Zealand,2000,1659.53,78.4,21457.976639
NZL,New Zealand,1999,1565.445,78.1,20537.414244
NZL,New Zealand,1998,1497.907,77.7,19285.784217
NZL,New Zealand,1997,1418.517,77.4,19072.644737
NZL,New Zealand,1996,1340.533,77.1,18366.342815
NZL,New Zealand,1995,1305.409,76.8,17801.809383
NZL,New Zealand,1994,1245.027,76.6,16994.063343
NZL,New Zealand,1993,1169.664,76.3,15884.744283
NZL,New Zealand,1992,1121.214,76.1,14888.03902
LVA,Latvia,2008,1118.345,72.1,19569.632654
LVA,Latvia,2023,2704.879,75.6,42505.797424
LVA,Latvia,2020,2403.416,75.5,33725.719139
LVA,Latvia,2021,3095.954,73.1,36806.727806
LVA,Latvia,2022,2864.41,74.5,40957.405748
LVA,Latvia,2007,1084.868,70.8,18234.861514
LVA,Latvia,2006,938.365,70.6,15857.14421
LVA,Latvia,2005,839.726,70.6,13914.155078
LVA,Latvia,2004,796.356,70.9,12279.669692
LVA,Latvia,2002,630.846,70.2,10080.307516
LVA,Latvia,2003,637.543,70.6,11060.972454
LVA,Latvia,2019,2158.118,75.7,33305.565284
LVA,Latvia,2018,1860.969,75.1,30891.884185
LVA,Latvia,2017,1676.419,74.9,28689.652285
LVA,Latvia,2016,1613.809,74.9,26724.538476
LVA,Latvia,2015,1405.018,74.8,24975.537824
LVA,Latvia,2014,1286.479,74.5,23810.006761
LVA,Latvia,2013,1229.689,74.3,22637.271353
LVA,Latvia,2012,1156.188,74.1,21297.511497
LVA,Latvia,2011,1077.553,73.9,19256.737771
LVA,Latvia,2010,1076.272,73.1,17706.162714
LTU,Lithuania,2004,789.352,72.0,13030.822761
LTU,Lithuania,2022,3242.116,75.8,50997.269123
LTU,Lithuania,2023,3331.201,77.6,51877.045564
LTU,Lithuania,2021,3146.108,74.2,46285.420514
LTU,Lithuania,2000,574.37,72.1,8447.022796
LTU,Lithuania,2001,606.419,71.6,9438.825785
LTU,Lithuania,2002,711.866,71.8,10480.705313
LTU,Lithuania,2003,816.446,72.0,12068.389358
LTU,Lithuania,2011,1484.747,73.7,22884.869629
LTU,Lithuania,2010,1371.84,73.3,20093.342315
LTU,Lithuania,2009,1323.247,72.9,18116.234648
LTU,Lithuania,2008,1347.207,71.7,20721.126279
LTU,Lithuania,2007,1159.109,70.7,19098.853753
LTU,Lithuania,2005,885.719,71.2,14510.717941
LTU,Lithuania,2020,3092.326,75.2,41168.17905
LTU,Lithuania,2019,2852.444,76.5,40577.84764
LTU,Lithuania,2018,2381.798,76.0,36376.535744
LTU,Lithuania,2017,2219.792,75.8,33761.985372
LTU,Lithuania,2016,2091.17,74.9,30925.256205
NOR,Norway,2020,7220.869,83.3,67116.532811
NOR,Norway,2019,6907.682,83.0,70938.225099
NOR,Norway,2018,6495.078,82.8,70252.735449
NOR,Norway,2017,6234.379,82.7,64589.163172
NOR,Norway,2016,5902.381,82.5,59263.430471
NOR,Norway,2015,5726.909,82.4,60721.583813
NOR,Norway,2014,5707.159,82.2,66335.459647
NOR,Norway,2013,5485.874,81.8,67372.928181
NOR,Norway,2012,5209.577,81.5,65768.753269
NOR,Norway,2011,4965.184,81.4,62461.20278
NOR,Norway,2010,4777.569,81.2,58222.617563
NOR,Norway,2009,4675.969,81.0,55615.474922
NOR,Norway,1985,908.39,76.0,14848.622942
NOR,Norway,1984,839.426,76.3,13678.98576
NOR,Norway,1983,811.314,76.2,12485.388632
NOR,Norway,1982,736.618,76.1,11592.192828
NOR,Norway,1981,677.345,76.0,10931.887735
NOR,Norway,1980,608.084,75.8,9863.477762
NOR,Norway,1979,525.45,75.6,8679.05743
NOR,Norway,1978,503.16,75.7,7704.902317
NOR,Norway,1977,421.916,75.6,6957.832493
NOR,Norway,1976,368.952,75.2,6315.689972
NOR,Norway,1975,327.659,75.0,5683.532761
NOR,Norway,1974,273.131,75.0,4983.640063
NOR,Norway,1973,237.409,74.6,4426.297348
NOR,Norway,1972,208.125,74.5,4042.953194
NOR,Norway,1971,179.475,74.4,3707.579689
NOR,Norway,1970,154.211,74.3,3362.508846
NOR,Norway,1987,1037.501,76.2,16299.401672
POL,Poland,1996,454.786,72.3,8347.667846
POL,Poland,2015,1819.343,77.5,26495.814917
POL,Poland,2013,1670.783,77.1,24028.186721
POL,Poland,2010,1423.537,76.4,20630.054357
POL,Poland,2014,1687.056,77.8,25005.655694
POL,Poland,1995,397.7,72.0,7744.299519
POL,Poland,1994,370.262,71.8,7096.376235
POL,Poland,1993,349.439,71.5,6604.100375
POL,Poland,1992,324.852,71.0,6226.530282
POL,Poland,1991,302.405,70.4,5948.417006
POL,Poland,1990,302.641,70.7,6200.648474
POL,Poland,2002,774.069,74.5,11803.761357
POL,Poland,2011,1496.615,76.8,22386.227115
POL,Poland,2012,1578.599,76.9,23300.922905
POL,Poland,2019,2391.57,78.0,35099.141034
POL,Poland,2020,2510.275,76.4,35891.205663
POL,Poland,2017,2062.735,77.8,29609.446369
POL,Poland,2016,1959.094,78.0,27830.927735
MEX,Mexico,2010,868.647,74.3,15815.914637
MEX,Mexico,2000,512.305,74.7,11440.999808
MEX,Mexico,1999,473.462,74.0,10743.956108
MEX,Mexico,2001,567.533,75.0,11506.197624
MEX,Mexico,2002,596.533,75.1,11549.279733
MEX,Mexico,2007,868.046,75.4,14892.041108
MEX,Mexico,2006,832.38,75.5,14385.695598
MEX,Mexico,2005,766.507,75.2,13093.88834
MEX,Mexico,2004,753.483,75.4,12471.701067
MEX,Mexico,2003,700.513,75.1,11865.500871
MEX,Mexico,2008,892.837,75.2,15549.541432
MEX,Mexico,2014,980.466,75.1,19153.918492
MEX,Mexico,2022,1393.964,75.2,23659.102285
MEX,Mexico,2020,1203.081,68.9,19413.764309
MEX,Mexico,2021,1271.943,68.8,20981.216126
MEX,Mexico,2015,1054.171,75.1,19395.333177
MEX,Mexico,2016,1095.026,74.8,20410.424898
MEX,Mexico,2017,1093.166,74.8,20756.351176
MEX,Mexico,2019,1129.679,74.8,21116.853566
MEX,Mexico,2018,1116.229,74.9,21131.36548
MEX,Mexico,2023,1493.799,75.3,25430.887435
NLD,Netherlands,2000,2648.058,78.2,31886.863539
NLD,Netherlands,2020,6515.942,81.4,62594.830591
NLD,Netherlands,2017,5253.774,81.8,56038.531947
NLD,Netherlands,2018,5482.27,81.9,58818.011031
NLD,Netherlands,2019,5908.388,82.2,62344.802006
NLD,Netherlands,1976,492.034,74.7,7523.145463
NLD,Netherlands,1975,452.813,74.6,6861.211289
NLD,Netherlands,1974,398.598,74.6,6326.027967
NLD,Netherlands,1973,341.89,74.2,5610.341707
NLD,Netherlands,1972,308.692,73.8,5068.775687
NLD,Netherlands,1998,2216.904,78.1,27747.365923
NLD,Netherlands,2023,7614.783,81.9,80752.088464
NLD,Netherlands,2022,7516.459,81.7,77284.537382
NLD,Netherlands,2021,7316.709,81.4,69323.505265
NLD,Netherlands,1999,2372.03,78.0,29316.413114
NLD,Netherlands,1997,1883.211,78.0,26054.932171
NLD,Netherlands,1996,1821.948,77.6,24555.749019
NLD,Netherlands,1995,1748.458,77.6,23464.761638
NLD,Netherlands,1994,1689.832,77.6,22402.333884
NLD,Netherlands,1993,1649.248,77.1,21429.934663
NLD,Netherlands,1992,1587.79,77.4,20820.804419
NLD,Netherlands,1991,1500.594,77.2,20166.841255
NLD,Netherlands,1990,1399.83,77.1,19196.852948
NLD,Netherlands,1989,1269.381,76.9,17882.039294
NLD,Netherlands,1988,1146.246,77.1,16575.048679
NLD,Netherlands,1987,1087.125,76.9,15579.004241
PRT,Portugal,2013,2500.17,80.9,27936.019656
PRT,Portugal,2012,2417.046,80.6,26438.02984
PRT,Portugal,2011,2455.566,80.7,26769.529113
PRT,Portugal,2010,2580.388,80.1,27257.232401
PRT,Portugal,2009,2513.508,79.7,26458.120577
PRT,Portugal,2008,2448.035,79.5,26665.829666
PRT,Portugal,2007,2300.555,79.3,25738.953427
PRT,Portugal,2006,2239.821,79.0,24682.565665
PRT,Portugal,2005,2183.712,78.2,22725.286697
PRT,Portugal,2004,2085.193,78.4,21478.442822
PRT,Portugal,2003,1921.77,77.5,20852.241768
PRT,Portugal,2002,1839.118,77.4,20356.66099
PRT,Portugal,2001,1710.288,77.2,19530.672243
SVK,Slovak Republic,2022,3126.111,77.0,40629.72238
SVK,Slovak Republic,2004,1100.581,74.2,15198.235186
SVK,Slovak Republic,2005,1191.447,74.1,16595.261602
SVK,Slovak Republic,1997,648.791,72.9,10083.928359
SVK,Slovak Republic,1998,663.114,72.8,10622.306274
SVK,Slovak Republic,2021,2921.945,74.6,37836.514597
SVK,Slovak Republic,2020,2448.986,77.0,34990.989221
SVK,Slovak Republic,2008,1687.058,74.9,23608.977522
SVK,Slovak Republic,2012,2097.401,76.3,27000.730262
SVK,Slovak Republic,2003,876.486,73.8,14166.188066
SVK,Slovak Republic,2002,868.625,73.8,13307.878099
SVK,Slovak Republic,2001,759.084,73.6,12388.117754
SVK,Slovak Republic,2000,690.63,73.3,11352.757373
SVK,Slovak Republic,1999,658.135,73.2,10714.989611
SVK,Slovak Republic,2011,1974.761,76.1,26260.184756
SVK,Slovak Republic,2010,2011.436,75.6,25218.341147
SVK,Slovak Republic,2009,1809.24,75.3,22946.343655
SVK,Slovak Republic,2007,1584.486,74.6,21140.876856
SVK,Slovak Republic,2006,1342.068,74.5,18851.239403
SVK,Slovak Republic,2014,2010.11,77.0,29029.587681
SVK,Slovak Republic,2013,2153.698,76.6,28021.090416
SVK,Slovak Republic,2019,2282.531,77.8,33949.002023
SVK,Slovak Republic,2018,2008.975,77.4,31374.187996
SVK,Slovak Republic,2017,1974.466,77.3,30147.015977
SVK,Slovak Republic,2016,2039.611,77.3,29737.53009
SVK,Slovak Republic,2015,2059.654,76.7,30062.179649
SVN,Slovenia,2013,2495.279,80.5,29979.618841
SVN,Slovenia,2002,1736.558,76.6,20236.432071
SVN,Slovenia,2001,1554.407,76.4,18954.829683
SVN,Slovenia,2000,1464.381,76.2,17999.253293
NZL,New Zealand,1991,1068.097,75.8,14520.056308
NZL,New Zealand,1990,1021.571,75.5,14688.699939
NZL,New Zealand,1989,949.194,75.2,14444.267459
NZL,New Zealand,1988,882.26,74.8,13861.703013
NZL,New Zealand,1987,765.165,74.5,13358.769437
NZL,New Zealand,1986,664.226,74.1,13227.026322
NZL,New Zealand,1985,603.958,74.0,12621.34145
NZL,New Zealand,1984,642.132,73.8,12276.25914
NZL,New Zealand,1983,632.1,73.7,11191.686706
NZL,New Zealand,1982,593.703,73.6,10425.213286
NZL,New Zealand,2023,6014.038,82.0,53801.799067
NZL,New Zealand,2022,6144.557,82.0,51947.523994
NZL,New Zealand,2021,4869.351,82.3,48171.435475
NZL,New Zealand,2020,4352.668,82.3,45221.877621
NZL,New Zealand,2019,4003.766,82.1,44862.748114
NZL,New Zealand,2018,3712.001,81.7,42312.890889
NZL,New Zealand,2017,3694.968,81.7,41996.799105
NZL,New Zealand,2016,3545.639,81.6,39709.384706
NZL,New Zealand,2015,3357.183,81.5,37255.411712
NZL,New Zealand,2014,3334.7,81.4,37089.225918
NZL,New Zealand,2013,3237.704,81.4,36085.485818
NZL,New Zealand,2012,3095.458,81.2,32917.669788
NZL,New Zealand,2011,3000.08,81.0,32639.0226
NZL,New Zealand,2010,2890.531,80.8,31127.321554
NZL,New Zealand,2009,2804.429,80.7,30574.237506
NZL,New Zealand,2007,2538.829,80.3,29273.951597
NZL,New Zealand,2006,2437.768,80.1,27663.916557
NOR,Norway,1991,1481.264,77.1,19566.023713
NOR,Norway,1996,1928.763,78.3,26818.371472
NOR,Norway,1995,1769.475,77.9,24345.328026
NOR,Norway,1994,1669.891,77.9,23010.058584
NOR,Norway,1992,1556.54,77.3,20611.168771
NOR,Norway,2008,4604.504,80.8,62075.513764
NOR,Norway,2007,4311.955,80.6,56183.130324
NOR,Norway,2006,3964.611,80.6,54365.411288
NOR,Norway,2005,3740.873,80.3,47969.885364
NOR,Norway,2004,3655.402,80.1,42672.099978
NOR,Norway,2003,3447.584,79.6,38683.481349
NOR,Norway,2002,3389.226,79.0,38057.575494
NOR,Norway,2000,2794.407,78.8,36986.22133
NOR,Norway,1999,2518.86,78.4,30573.137341
NOR,Norway,1998,2367.797,78.5,28201.383748
NOR,Norway,1990,1360.932,76.6,18450.60927
NOR,Norway,1989,1114.623,76.6,17505.509849
NOR,Norway,1988,1082.525,76.3,16743.323562
NOR,Norway,2023,8908.658,83.1,103994.094091
NOR,Norway,1993,1605.218,77.2,21569.204878
NOR,Norway,2001,2939.192,79.0,37831.391583
NOR,Norway,1997,2198.311,78.3,28604.387382
NOR,Norway,2022,8532.861,82.5,124255.730793
NOR,Norway,2021,7889.755,83.2,89214.420416
ESP,Spain,1977,252.837,74.2,5473.185411
ESP,Spain,1976,222.158,73.7,5070.731307
ESP,Spain,1975,185.536,73.4,4707.799042
ESP,Spain,1970,82.945,72.0,2766.918541
ESP,Spain,2003,2023.604,79.7,25042.410057
ESP,Spain,2004,2131.698,80.4,26182.634737
ESP,Spain,2005,2227.509,80.3,27600.937175
ESP,Spain,2002,1803.5,79.8,24376.32871
ESP,Spain,2001,1636.055,79.8,23003.462493
ESP,Spain,2000,1524.421,79.3,21594.171789
SWE,Sweden,2008,3402.014,81.3,41913.687143
SWE,Sweden,1973,359.452,74.9,6003.767908
SWE,Sweden,1972,331.43,74.8,5484.73887
SWE,Sweden,1971,306.455,74.7,5155.067219
SWE,Sweden,1970,272.021,74.7,4893.678706
SWE,Sweden,1983,1062.461,76.7,14004.877274
SWE,Sweden,1982,1023.628,76.4,13231.994658
SWE,Sweden,1981,965.788,76.1,12315.76221
SWE,Sweden,1980,898.168,75.8,11213.696998
SWE,Sweden,1979,772.527,75.6,10132.268953
SWE,Sweden,1978,694.59,75.5,9030.740936
SWE,Sweden,1977,648.715,75.5,8316.157707
SWE,Sweden,1976,560.474,75.0,7984.744888
SWE,Sweden,1975,501.884,75.0,7516.4197
SWE,Sweden,1974,420.103,75.0,6733.458846
SWE,Sweden,2007,3214.914,81.1,40823.629148
SWE,Sweden,2006,3001.015,81.0,37668.332324
SWE,Sweden,2005,2810.035,80.7,34209.078233
SWE,Sweden,2004,2773.219,80.7,33809.503665
SWE,Sweden,2003,2673.303,80.3,31793.278187
SWE,Sweden,2002,2634.873,80.0,30981.047895
SWE,Sweden,2000,2196.594,79.8,29632.768399
SWE,Sweden,1999,1959.359,79.6,27497.599714
SWE,Sweden,1998,1808.784,79.5,25893.081532
SWE,Sweden,1997,1709.688,79.4,24809.099591
SWE,Sweden,1996,1690.948,79.2,23939.458588
POL,Poland,2021,2751.857,75.4,40022.794634
POL,Poland,2023,3518.835,78.4,48135.925895
POL,Poland,2018,2106.662,77.7,31662.210541
POL,Poland,2022,3133.279,77.2,45478.986688
POL,Poland,2005,834.605,75.0,13898.413011
POL,Poland,2008,1222.748,75.6,18308.038986
POL,Poland,2009,1312.522,75.9,19073.688269
POL,Poland,2006,903.004,75.3,15155.926924
POL,Poland,2007,1050.973,75.4,16808.660985
POL,Poland,2004,837.474,74.9,13354.836593
POL,Poland,2003,781.498,74.7,12292.220893
POL,Poland,2001,668.561,74.2,11122.15225
POL,Poland,2000,604.28,73.8,10674.211305
POL,Poland,1999,572.471,73.1,10143.29528
POL,Poland,1998,497.351,73.1,9581.730131
PRT,Portugal,1998,1194.369,76.0,16686.941172
PRT,Portugal,2022,4593.89,81.8,44962.944391
PRT,Portugal,2021,4207.566,81.5,39036.337473
PRT,Portugal,2023,4713.082,82.5,49744.991311
PRT,Portugal,1974,111.436,68.2,3376.703741
PRT,Portugal,1973,97.436,67.6,3105.850577
PRT,Portugal,1972,77.362,68.4,2648.832642
PRT,Portugal,1971,54.353,66.4,2347.117634
PRT,Portugal,1970,44.598,66.7,2076.690462
PRT,Portugal,2000,1643.306,76.8,18879.063236
PRT,Portugal,1995,1009.62,75.4,14396.831007
PRT,Portugal,2018,3118.719,81.5,34928.544268
PRT,Portugal,2020,3554.732,81.5,35874.803071
PRT,Portugal,2019,3408.602,81.9,37845.192582
PRT,Portugal,1997,1144.238,75.8,15785.785868
PRT,Portugal,1996,1085.8,75.3,14916.452664
PRT,Portugal,1994,862.585,75.5,13560.403983
PRT,Portugal,1993,823.899,74.6,13181.652785
PRT,Portugal,1992,790.711,74.7,13159.672449
PRT,Portugal,1991,734.082,74.1,12722.669211
PRT,Portugal,1990,630.378,74.1,11758.066426
PRT,Portugal,1989,578.304,74.4,10861.381886
PRT,Portugal,1988,575.456,73.8,9788.683315
PRT,Portugal,1987,494.945,73.8,8773.504629
PRT,Portugal,1986,463.464,73.4,8034.533502
PRT,Portugal,1985,371.623,73.0,7562.750144
PRT,Portugal,1984,314.267,72.7,7146.428002
PRT,Portugal,1983,309.127,72.4,7053.750265
PRT,Portugal,1982,315.511,72.5,6829.152963
PRT,Portugal,1981,289.142,71.8,6336.303802
PRT,Portugal,1980,255.506,71.5,5745.397319
PRT,Portugal,1979,191.162,71.3,5092.940085
PRT,Portugal,1978,179.853,70.5,4499.70886
PRT,Portugal,1977,158.038,70.1,4133.403846
PRT,Portugal,1976,158.556,69.0,3724.528472
PRT,Portugal,1975,149.593,68.4,3397.515572
PRT,Portugal,2017,2895.201,81.6,33044.70015
PRT,Portugal,2016,2806.733,81.3,31607.75712
PRT,Portugal,2015,2630.198,81.3,29660.914626
PRT,Portugal,2014,2533.075,81.3,28742.418134
CHE,Switzerland,1984,1300.754,76.9,20356.024932
CHE,Switzerland,2020,7621.094,83.1,72997.822326
CHE,Switzerland,2021,8391.694,83.9,81603.187365
CHE,Switzerland,2022,9089.356,83.7,90732.723663
CHE,Switzerland,2019,7356.446,84.0,73732.233559
CHE,Switzerland,2010,5076.002,82.7,54342.569299
CHE,Switzerland,2011,5258.917,82.8,57515.816659
CHE,Switzerland,2012,5566.075,82.8,59440.934085
CHE,Switzerland,2013,5944.008,82.9,61656.490978
CHE,Switzerland,2014,6126.465,83.3,63417.043081
CHE,Switzerland,2015,6377.217,83.0,65265.050827
CHE,Switzerland,2016,6674.485,83.7,67350.735189
CHE,Switzerland,2017,6713.317,83.7,68193.502958
CHE,Switzerland,2018,6838.268,83.8,70688.840339
CHE,Switzerland,2023,9300.949,84.3,92580.228097
CHE,Switzerland,2003,3914.828,80.7,38448.898134
CHE,Switzerland,2004,4107.752,81.3,39885.80722
TUR,Türkiye,2010,843.709,74.3,17343.719987
TUR,Türkiye,1976,37.807,56.5,3263.523492
TUR,Türkiye,1975,41.765,56.1,2865.656887
TUR,Türkiye,1999,369.102,70.7,8625.279388
TUR,Türkiye,1992,182.732,68.2,9064.98509
TUR,Türkiye,1991,175.396,67.8,8501.467916
TUR,Türkiye,1984,91.92,60.9,5660.871136
TUR,Türkiye,1983,88.742,59.7,5248.062815
TUR,Türkiye,1982,80.066,58.9,4932.762416
TUR,Türkiye,1981,90.39,58.5,4599.783208
TUR,Türkiye,1980,73.429,58.1,4106.050683
TUR,Türkiye,1979,68.975,57.7,3940.59825
TUR,Türkiye,1978,61.946,57.3,3741.891611
TUR,Türkiye,1977,55.541,56.9,3515.30999
TUR,Türkiye,2009,815.119,74.1,15442.162008
TUR,Türkiye,2008,807.052,73.9,16038.231645
TUR,Türkiye,2007,733.393,73.7,14866.450205
SVN,Slovenia,2014,2499.108,81.2,30872.72888
SVN,Slovenia,2012,2431.003,80.3,29048.325999
SVN,Slovenia,2011,2376.637,80.1,28931.423641
SVN,Slovenia,2010,2319.66,79.8,27818.84242
SVN,Slovenia,2009,2265.869,79.4,27510.075821
SVN,Slovenia,2008,2297.536,79.1,29594.665839
SVN,Slovenia,2007,2066.109,78.4,27566.24759
SVN,Slovenia,2006,1985.701,78.3,25707.716944
SVN,Slovenia,2005,1900.012,77.5,23848.602419
SVN,Slovenia,2004,1857.695,77.2,22758.640818
SVN,Slovenia,2003,1786.221,76.4,21107.776198
SVN,Slovenia,2023,4555.585,82.0,54960.411152
SVN,Slovenia,2022,4353.424,81.3,51364.489967
SVN,Slovenia,2021,3894.257,80.7,46509.757058
SVN,Slovenia,2020,3756.19,80.6,42033.258612
SVN,Slovenia,2019,3435.496,81.6,42735.107154
SVN,Slovenia,2018,3045.106,81.5,39008.297051
SVN,Slovenia,2017,2832.649,81.2,36517.579273
SVN,Slovenia,2016,2738.221,81.2,33942.76789
ESP,Spain,1981,360.718,75.7,7559.491368
ESP,Spain,2009,2766.765,81.9,32088.255409
ESP,Spain,2008,2693.857,81.5,33242.245427
ESP,Spain,2007,2503.205,81.1,32470.306607
ESP,Spain,2006,2408.671,81.1,30745.509492
ESP,Spain,2019,3822.099,84.0,43767.034223
ESP,Spain,2018,3480.979,83.5,40776.768298
ESP,Spain,2017,3369.692,83.4,39601.479631
ESP,Spain,2016,3198.021,83.5,37333.06491
ESP,Spain,2015,3064.9,83.0,34945.481614
ESP,Spain,2014,2897.472,83.3,33558.976673
ESP,Spain,2013,2800.97,83.2,32463.123679
ESP,Spain,2012,2760.393,82.5,31724.785352
ESP,Spain,2011,2761.446,82.6,31872.363088
ESP,Spain,2010,2764.455,82.4,31687.026072
ESP,Spain,1999,1370.226,78.8,19962.792109
ESP,Spain,1998,1302.216,78.8,19100.967263
ESP,Spain,1997,1231.709,78.8,17912.763355
ESP,Spain,1996,1179.649,78.3,16976.240692
ESP,Spain,1995,1126.422,78.1,16278.859958
ESP,Spain,1985,444.826,76.4,9397.943746
ESP,Spain,1984,429.322,76.4,8935.963034
ESP,Spain,1983,420.561,76.1,8508.252657
ESP,Spain,1994,1052.732,78.0,15539.111812
ESP,Spain,1993,1028.815,77.7,14886.723124
ESP,Spain,1992,980.256,77.6,14725.719631
ESP,Spain,1991,898.566,77.1,14298.411152
ESP,Spain,1990,821.612,76.9,13511.222342
ESP,Spain,1989,713.121,77.0,12568.255219
ESP,Spain,1988,637.536,76.9,11559.567618
ESP,Spain,1987,521.844,76.9,10647.838076
ESP,Spain,1986,471.809,76.7,9869.057617
ESP,Spain,2023,4927.171,84.0,52944.557839
ESP,Spain,2022,4743.699,83.2,48655.652915
ESP,Spain,2021,4405.28,83.3,43659.596243
ESP,Spain,2020,3996.229,82.3,38984.482281
ESP,Spain,1980,330.26,75.5,6957.779213
ESP,Spain,1979,296.795,75.0,6311.083208
ESP,Spain,1978,276.823,74.4,5877.44137
GBR,United Kingdom,2014,3787.225,81.1,41281.542063
GBR,United Kingdom,2013,3696.888,80.9,39968.102283
GBR,United Kingdom,2012,3583.624,80.8,38340.215681
GBR,United Kingdom,2011,3439.353,80.7,37208.971903
GBR,United Kingdom,2010,3377.766,80.4,36491.346386
GBR,United Kingdom,2009,3252.629,80.1,35031.900055
GBR,United Kingdom,2008,3201.19,79.6,36734.676772
GBR,United Kingdom,2007,3061.545,79.5,35525.293924
GBR,United Kingdom,2006,2911.825,79.3,34746.155294
GBR,United Kingdom,2005,2727.31,79.0,32719.743558
GBR,United Kingdom,2004,2722.725,78.8,32075.752476
GBR,United Kingdom,2003,2459.016,78.3,30322.920667
GBR,United Kingdom,2002,2336.532,78.2,29091.26654
GBR,United Kingdom,2001,2086.62,78.0,27918.679367
GBR,United Kingdom,2000,1889.472,77.8,26532.76937
GBR,United Kingdom,1999,1665.462,77.4,24492.865796
GBR,United Kingdom,1998,1567.906,77.2,23692.600165
USA,United States,2000,4537.621,76.8,36299.662179
USA,United States,1994,3430.917,75.7,27660.268357
USA,United States,1992,3099.619,75.8,25378.624641
USA,United States,1993,3285.597,75.5,26350.492927
USA,United States,1979,908.963,73.9,11671.536965
USA,United States,1978,808.884,73.5,10562.860184
USA,United States,1977,726.241,73.3,9450.431025
USA,United States,1976,638.851,72.9,8590.244216
USA,United States,1975,560.75,72.6,7801.167695
USA,United States,1974,495.114,72.0,7224.204995
USA,United States,1973,439.302,71.4,6725.406839
USA,United States,1972,397.097,71.2,6093.20516
USA,United States,1971,357.988,71.1,5608.545346
USA,United States,1970,326.961,70.8,5233.352349
SWE,Sweden,1995,1594.551,79.0,23061.513748
SWE,Sweden,1994,1518.882,78.9,21831.742667
SWE,Sweden,1992,1537.104,78.2,20785.78915
SWE,Sweden,1991,1480.334,77.8,20682.560838
SWE,Sweden,1990,1489.607,77.7,20375.069195
SWE,Sweden,1989,1413.043,77.8,19644.257086
SWE,Sweden,1988,1302.813,77.1,18538.742703
SWE,Sweden,1987,1235.858,77.2,17539.275272
SWE,Sweden,1986,1155.072,77.0,16616.011307
SWE,Sweden,1985,1120.639,76.8,15899.104251
SWE,Sweden,1984,1122.603,76.9,15109.330744
SWE,Sweden,2001,2398.864,79.9,29946.5572
SWE,Sweden,2011,4468.222,81.9,44334.461731
SWE,Sweden,1993,1522.348,78.2,20734.21343
SWE,Sweden,2023,7363.981,83.4,68857.135578
SWE,Sweden,2022,6976.458,83.1,66715.507914
SWE,Sweden,2021,6617.103,83.1,63124.604539
SWE,Sweden,2020,6068.716,82.4,57489.277663
SWE,Sweden,2019,5791.888,83.2,57046.427857
SWE,Sweden,2018,5452.726,82.6,53122.462047
SWE,Sweden,2017,5249.588,82.5,51474.108635
SWE,Sweden,2016,5162.539,82.4,50289.792031
SWE,Sweden,2015,5029.867,82.2,48772.048226
SWE,Sweden,2014,4884.905,82.3,46836.959518
SWE,Sweden,2013,4745.65,82.0,46105.097397
SWE,Sweden,2012,4699.39,81.8,45217.074504
SWE,Sweden,2010,3412.017,81.6,41961.165096
CHE,Switzerland,2007,4597.507,82.0,50589.665305
CHE,Switzerland,1973,440.555,74.1,9162.775246
CHE,Switzerland,1972,405.801,73.8,8482.030057
CHE,Switzerland,1971,376.954,73.3,7950.547488
CHE,Switzerland,1970,326.488,73.2,7359.164969
CHE,Switzerland,1983,1251.923,76.2,19141.583839
CHE,Switzerland,1982,1146.616,76.3,18344.846471
CHE,Switzerland,1981,1068.218,75.9,17610.299284
CHE,Switzerland,1980,960.46,75.7,15943.426406
CHE,Switzerland,1979,843.236,75.7,14054.934073
CHE,Switzerland,1978,764.161,75.4,12699.234933
CHE,Switzerland,1977,690.363,75.5,11846.555142
CHE,Switzerland,1976,636.724,75.0,10859.518308
CHE,Switzerland,1975,585.001,74.9,10325.130624
CHE,Switzerland,1974,508.226,74.5,10103.045083
CHE,Switzerland,2008,4905.058,82.3,53498.013101
CHE,Switzerland,2009,5059.531,82.3,52730.63307
CHE,Switzerland,2005,4106.058,81.5,41244.643767
CHE,Switzerland,2002,3887.068,80.6,38410.604089
CHE,Switzerland,1995,2610.801,78.7,30564.557005
CHE,Switzerland,2001,3555.288,80.5,37518.643195
CHE,Switzerland,2000,3327.067,80.0,36349.369952
CHE,Switzerland,1998,2989.838,79.6,33542.630813
CHE,Switzerland,1999,3103.729,79.9,34401.809168
CHE,Switzerland,1997,2873.379,79.4,32434.883646
CHE,Switzerland,1996,2766.23,79.2,31231.682419
CHE,Switzerland,1994,2626.136,78.7,30060.312996
CHE,Switzerland,1993,2491.96,78.4,29262.3723
CHE,Switzerland,1992,2433.826,78.1,28809.517519
CHE,Switzerland,1991,2334.232,77.8,28437.995128
CHE,Switzerland,1990,2135.782,77.5,28104.347373
CHE,Switzerland,1989,2018.078,77.7,26414.732845
CHE,Switzerland,1988,1856.606,77.5,24551.221594
CHE,Switzerland,1987,1720.313,77.5,23144.310983
CHE,Switzerland,1986,1600.991,77.2,22389.133489
CHE,Switzerland,1985,1486.958,77.0,21677.338302
BGR,Bulgaria,2014,1438.108,74.5,17616.257914
BGR,Bulgaria,2013,1257.65,74.9,16649.45352
BGR,Bulgaria,2012,1256.274,74.4,16327.309222
BGR,Bulgaria,2011,1137.569,74.2,15747.416423
BGR,Bulgaria,2010,1032.839,73.8,14680.598971
BGR,Bulgaria,2005,711.298,72.5,10183.855612
BGR,Bulgaria,2004,655.482,72.5,9125.706339
BGR,Bulgaria,2003,626.026,72.3,8365.618143
BGR,Bulgaria,2023,2859.626,75.8,38610.956652
BGR,Bulgaria,2022,2602.435,74.2,35469.864618
CHN,China (People’s Republic of),2015,640.023,77.0,13169.224275
CHN,China (People’s Republic of),2014,600.448,76.7,12658.000237
CHN,China (People’s Republic of),2013,566.904,76.5,11976.363401
CHN,China (People’s Republic of),2012,514.271,76.2,11192.400712
CHN,China (People’s Republic of),2011,443.965,75.9,10261.470654
CHN,China (People’s Republic of),2022,1223.425,78.2,22506.21601
CHN,China (People’s Republic of),2021,1109.462,78.1,20403.262948
CHN,China (People’s Republic of),2020,1030.111,78.0,17878.556904
CHN,China (People’s Republic of),2019,949.352,77.9,17233.590833
CHN,China (People’s Republic of),2018,851.444,77.7,15976.730448
CHN,China (People’s Republic of),2017,772.763,77.2,14709.332341
HRV,Croatia,2010,1562.138,76.7,20089.768106
HRV,Croatia,2020,2314.93,77.6,30693.36214
HRV,Croatia,2017,1798.929,78.0,27358.505012
HRV,Croatia,2019,2148.018,78.6,32315.22061
HRV,Croatia,2018,1929.024,78.2,29136.825311
HRV,Croatia,2009,1552.328,76.3,20269.675241
HRV,Croatia,2008,1550.579,76.0,21028.703613
TUR,Türkiye,2006,677.859,73.4,13641.564385
TUR,Türkiye,2005,588.128,73.1,11910.606724
TUR,Türkiye,2004,558.553,72.7,10884.566881
TUR,Türkiye,2003,509.673,72.3,9597.982685
TUR,Türkiye,2002,519.978,71.9,9279.072677
TUR,Türkiye,2001,472.976,71.5,9144.275914
TUR,Türkiye,2000,432.141,71.1,9475.973841
TUR,Türkiye,1990,152.481,67.5,8286.090386
TUR,Türkiye,1989,128.545,65.7,7435.715016
TUR,Türkiye,1988,119.794,65.2,7260.899271
TUR,Türkiye,1987,99.289,64.4,6985.825964
TUR,Türkiye,1986,96.084,63.2,6334.222967
TUR,Türkiye,1985,69.653,62.1,5937.872757
TUR,Türkiye,1998,299.802,70.3,8937.31744
TUR,Türkiye,1997,266.497,70.1,11648.768347
TUR,Türkiye,1996,231.057,69.7,10828.153301
TUR,Türkiye,1995,175.472,69.3,10104.254317
TUR,Türkiye,1994,179.596,68.9,9376.98651
TUR,Türkiye,1993,197.035,68.5,9865.662001
TUR,Türkiye,2022,1653.818,77.3,38355.113006
TUR,Türkiye,2021,1588.325,77.5,31637.647288
TUR,Türkiye,2020,1382.389,77.7,28680.085701
TUR,Türkiye,2019,1310.831,78.3,28461.32656
TUR,Türkiye,2018,1205.305,78.6,28299.469697
TUR,Türkiye,2017,1175.655,78.3,28193.061398
TUR,Türkiye,2016,1128.754,78.0,26695.909373
TUR,Türkiye,2015,1040.373,78.0,25855.912681
TUR,Türkiye,2014,1006.772,78.0,24104.984583
TUR,Türkiye,2013,947.74,78.0,22373.136543
TUR,Türkiye,2012,894.741,74.6,20627.440729
GBR,United Kingdom,1995,1093.911,76.6,20578.913183
GBR,United Kingdom,1970,123.978,71.9,3628.691647
GBR,United Kingdom,1997,1510.223,77.0,23066.34744
GBR,United Kingdom,2023,6412.448,81.0,58906.197905
GBR,United Kingdom,1980,385.056,73.6,8625.005787
GBR,United Kingdom,1971,134.157,71.9,3925.37236
GBR,United Kingdom,1994,1058.561,76.7,19713.945999
GBR,United Kingdom,1993,995.617,76.1,18634.58034
GBR,United Kingdom,1992,930.597,76.2,17800.676223
GBR,United Kingdom,1991,842.703,75.9,17378.588908
GBR,United Kingdom,1990,782.524,75.7,17057.305444
GBR,United Kingdom,1989,739.63,75.4,16368.109789
GBR,United Kingdom,1988,687.972,75.2,15398.277953
GBR,United Kingdom,2017,4084.405,81.1,46061.354379
GBR,United Kingdom,2016,3984.376,81.0,44057.689096
GBR,United Kingdom,2015,3843.0,80.9,42500.909156
GBR,United Kingdom,1987,634.885,75.1,14094.967049
GBR,United Kingdom,1986,578.545,74.8,13078.657528
GBR,United Kingdom,1985,549.547,74.5,12457.483039
GBR,United Kingdom,2022,6187.968,80.9,56761.507972
GBR,United Kingdom,2021,5784.65,80.5,52841.89224
GBR,United Kingdom,2020,5380.946,80.3,48006.081301
GBR,United Kingdom,2019,4569.446,81.4,49940.54115
GBR,United Kingdom,2018,4215.219,81.0,47107.7092
GBR,United Kingdom,1984,521.463,74.6,11624.521996
GBR,United Kingdom,1983,501.867,74.3,10988.924612
GBR,United Kingdom,1982,448.427,74.0,10150.875881
GBR,United Kingdom,1981,433.909,73.9,9362.090901
ROU,Romania,2007,684.556,73.1,13703.195575
ROU,Romania,2006,577.678,72.5,11556.620787
ROU,Romania,2003,437.539,71.0,7560.391144
ROU,Romania,2004,527.776,71.4,8990.533119
ROU,Romania,2020,2218.328,74.2,34239.848666
ROU,Romania,2011,833.246,74.4,18802.767446
ROU,Romania,2021,2107.983,72.8,37962.584328
ROU,Romania,2023,2311.482,76.4,47907.19028
ROU,Romania,2022,2123.176,75.1,42968.000515
ROU,Romania,2018,1659.324,75.3,29553.161818
ROU,Romania,2019,1970.13,75.6,33511.613305
ROU,Romania,2017,1413.857,75.2,26937.57647
ROU,Romania,2013,1035.042,75.1,19672.3377
ROU,Romania,2005,542.398,71.9,9602.147673
ROU,Romania,2008,834.552,73.5,16782.231204
ROU,Romania,2009,841.725,73.7,16631.435371
ROU,Romania,2010,979.21,73.7,17353.080027
ROU,Romania,2014,1047.793,75.0,20624.326685
ROU,Romania,2012,889.509,74.4,19807.101207
ZAF,South Africa,2015,1134.072,64.1,13941.996711
ZAF,South Africa,2014,1099.582,63.2,13815.551011
ZAF,South Africa,2013,1135.803,62.4,13787.93583
ZAF,South Africa,2012,1094.537,61.7,13356.612371
ZAF,South Africa,2011,1066.19,60.6,13503.769127
USA,United States,1999,4260.345,76.7,34479.794364
USA,United States,2021,12375.208,76.4,70987.886884
USA,United States,2020,11926.393,77.0,64264.466546
USA,United States,2019,10854.203,78.8,65115.124065
USA,United States,1998,4059.751,76.7,32817.981996
USA,United States,1997,3892.555,76.5,31424.438925
USA,United States,1996,3736.053,76.1,29932.157767
USA,United States,1995,3585.397,75.8,28657.512716
USA,United States,2023,13817.649,78.4,81585.165032
USA,United States,2022,12898.24,77.5,77177.990695
USA,United States,1991,2901.082,75.5,24289.547588
USA,United States,1990,2684.748,75.4,23835.319229
USA,United States,1989,2424.654,75.1,22804.674457
USA,United States,1988,2195.392,74.9,21367.896156
USA,United States,1987,1976.166,74.9,19993.226076
USA,United States,1986,1847.773,74.7,19027.646323
USA,United States,1985,1735.156,74.7,18192.326398
USA,United States,1984,1590.667,74.7,17080.014721
USA,United States,1983,1451.945,74.6,15508.007835
USA,United States,1982,1329.669,74.5,14399.353194
USA,United States,1981,1191.537,74.1,13943.171542
USA,United States,1980,1036.3,73.7,12547.12681
USA,United States,2018,10436.469,78.7,62825.100215
USA,United States,2017,10036.584,78.6,60001.535826
USA,United States,2016,9715.871,78.7,57930.966178
USA,United States,2015,9355.481,78.7,56796.897362
USA,United States,2014,8926.993,78.9,55094.126739
USA,United States,2013,8520.068,78.8,53234.74057
USA,United States,2012,8347.52,78.8,51644.991659
USA,United States,2011,8080.651,78.7,49951.910854
USA,United States,2010,7880.057,78.7,48570.292959
USA,United States,2009,7645.901,78.5,47122.988543
USA,United States,2008,7386.164,78.2,48498.445211
USA,United States,2007,7168.289,78.1,47976.201209
USA,United States,2006,6810.461,77.8,46234.10571
USA,United States,2005,6432.954,77.6,44052.382996
USA,United States,2004,6071.449,77.6,41659.662691
USA,United States,2003,5728.295,77.2,39419.907372
USA,United States,2002,5317.918,77.0,37954.222014
ARG,Argentina,2015,1970.806,76.6,20058.338641
ARG,Argentina,2014,1813.773,76.3,19649.352888
ARG,Argentina,2013,1871.1,75.8,20108.205697
ARG,Argentina,2012,1812.459,75.8,19629.898035
ARG,Argentina,2011,1704.089,76.1,19322.22713
ARG,Argentina,2022,3214.246,75.8,29112.800407
ARG,Argentina,2021,3010.013,73.9,26050.657854
ARG,Argentina,2020,2478.095,75.9,22290.563043
ARG,Argentina,2019,2462.934,76.8,23535.01275
ARG,Argentina,2018,2590.859,76.8,24498.378921
ARG,Argentina,2017,2454.47,76.5,23514.667098
BRA,Brazil,2012,1222.604,74.3,15087.820528
BRA,Brazil,2011,1178.694,74.0,15109.737403
BRA,Brazil,2020,1578.256,74.5,15866.290068
BRA,Brazil,2021,1778.286,73.0,17756.475861
BRA,Brazil,2016,1339.996,75.1,14174.00206
BRA,Brazil,2019,1546.877,75.8,15864.007757
BRA,Brazil,2018,1454.169,75.6,15286.655168
BRA,Brazil,2015,1360.799,75.1,14690.312937
BRA,Brazil,2017,1364.568,75.4,14406.390934
BRA,Brazil,2014,1376.439,74.8,15699.22451
BGR,Bulgaria,2020,2391.507,73.3,25736.204315
BGR,Bulgaria,2009,896.91,73.7,13917.751595
BGR,Bulgaria,2008,872.78,73.3,14100.691874
BGR,Bulgaria,2007,781.126,73.0,12630.721085
BGR,Bulgaria,2006,725.848,72.7,11262.870672
BGR,Bulgaria,2019,2004.25,75.1,25527.332297
BGR,Bulgaria,2018,1849.647,75.0,23005.9528
BGR,Bulgaria,2017,1760.487,74.8,21457.979457
BGR,Bulgaria,2016,1652.533,74.9,20065.76365
BGR,Bulgaria,2015,1476.861,74.7,18386.114464
ESP,Spain,1982,389.005,76.3,8083.107425
SWE,Sweden,2009,3436.468,81.5,40081.835192
CHE,Switzerland,2006,4232.636,81.8,45965.739724
TUR,Türkiye,2011,888.309,74.6,19590.858369
GBR,United Kingdom,1996,1171.466,76.8,21939.543558
USA,United States,2001,4889.819,77.0,37100.285739
ARG,Argentina,2016,1917.803,76.1,20248.721388
BRA,Brazil,2013,1299.214,74.6,15602.383358
BGR,Bulgaria,2021,2445.708,71.2,29406.542481
CHN,China (People’s Republic of),2016,672.853,77.2,13836.862754
HRV,Croatia,2013,1384.206,77.8,22225.780385
IND,India,2016,221.081,69.7,6001.173225
IDN,Indonesia,2016,316.748,69.7,10505.999348
ROU,Romania,2015,1087.611,74.9,21617.288479
ZAF,South Africa,2016,1145.428,64.7,14006.152389
HRV,Croatia,2007,1391.848,75.8,19566.419152
HRV,Croatia,2006,1177.277,75.9,17631.421281
HRV,Croatia,2005,1058.359,75.3,15449.698129
HRV,Croatia,2004,986.143,75.4,14682.143513
HRV,Croatia,2003,897.928,74.6,13690.651782
HRV,Croatia,2022,2615.137,77.7,41840.179726
HRV,Croatia,2021,2530.641,76.6,36493.769427
HRV,Croatia,2015,1542.189,77.5,23437.821773
HRV,Croatia,2014,1454.684,77.9,22476.991648
HRV,Croatia,2012,1548.452,77.3,21523.492651
HRV,Croatia,2016,1702.926,78.2,25440.342199
HRV,Croatia,2011,1504.646,77.2,21140.224298
IND,India,2015,213.143,69.3,5615.417536
IND,India,2014,206.21,68.9,5377.116897
IND,India,2013,205.737,68.5,5194.039522
IND,India,2012,176.841,68.1,4990.084584
IND,India,2011,158.472,67.6,4605.230111
IND,India,2021,297.297,67.3,8273.784113
IND,India,2020,249.68,70.2,7200.091662
IND,India,2019,227.761,70.7,7407.047367
IND,India,2018,206.502,70.4,6956.133705
IND,India,2017,192.395,70.1,6358.226892
IDN,Indonesia,2015,299.865,69.5,10271.244621
IDN,Indonesia,2014,304.352,69.3,10332.597716
IDN,Indonesia,2013,286.337,69.1,10144.940368
IDN,Indonesia,2012,283.269,68.9,9812.72667
IDN,Indonesia,2011,268.19,68.6,9213.212405
IDN,Indonesia,2022,385.641,70.9,14431.371045
IDN,Indonesia,2021,475.542,67.5,12947.74377
IDN,Indonesia,2020,401.751,68.8,11929.526342
IDN,Indonesia,2019,339.788,70.3,12236.943469
IDN,Indonesia,2018,320.971,70.1,11621.365981
IDN,Indonesia,2017,306.746,70.0,10932.638045
ROU,Romania,2016,1250.966,75.2,23899.795155
ZAF,South Africa,2020,1192.889,65.2,13759.767417
ZAF,South Africa,2019,1146.921,66.1,14626.00439
ZAF,South Africa,2018,1125.244,65.7,14512.940698
ZAF,South Africa,2017,1135.115,65.4,14134.028896
AUS,Australia,2017,5066.341,82.5,50761.909452
AUT,Austria,1972,209.213,70.7,4635.124935
BEL,Belgium,2012,4295.725,80.5,42290.477674
CAN,Canada,1990,1699.774,77.5,20229.752821
CHL,Chile,2009,1310.57,78.5,16028.549544
COL,Colombia,2022,1375.874,76.9,21630.618644
CRI,Costa Rica,2014,1302.344,79.7,16615.974075
CZE,Czechia,2011,2220.438,78.0,29235.560699
DNK,Denmark,1983,1003.281,74.5,12565.111171
EST,Estonia,2011,1466.12,76.6,24610.451711
FIN,Finland,1995,1346.029,76.7,19573.701581
FRA,France,2021,6395.09,82.4,53878.71738
DEU,Germany,2022,8651.868,80.7,66616.053773
GRC,Greece,1990,773.574,77.1,13212.512548
HUN,Hungary,1991,589.815,69.4,8341.664778
ISL,Iceland,1996,1886.331,78.8,24768.548148
IRL,Ireland,2006,3203.381,79.3,44271.138283
ISR,Israel,2000,1550.93,78.8,25723.649858
ITA,Italy,2021,4408.746,82.7,49901.58127
JPN,Japan,1973,205.778,73.4,4532.01302
KOR,Korea,2019,3374.802,83.3,43864.890781
LVA,Latvia,2009,1006.886,72.8,17020.759717
LTU,Lithuania,2006,1010.569,71.0,16483.849768
LUX,Luxembourg,2011,4830.517,81.1,94278.922851
NLD,Netherlands,2001,2883.91,78.4,33263.363274
NZL,New Zealand,2005,2194.439,79.8,25590.441556
NOR,Norway,1986,965.951,76.4,15706.995703
POL,Poland,1997,476.495,72.7,9018.430963
PRT,Portugal,1999,1319.759,76.2,17718.151009
SVK,Slovak Republic,2023,3279.836,78.2,43818.802202
